file,speaker,emotion,intensity
Actor_01/03-01-01-01-01-01-01.wav,Actor_01,neutral,normal
Actor_01/03-01-01-01-01-02-01.wav,Actor_01,neutral,normal
Actor_01/03-01-01-01-02-01-01.wav,Actor_01,neutral,normal
Actor_01/03-01-01-01-02-02-01.wav,Actor_01,neutral,normal
Actor_01/03-01-02-01-01-01-01.wav,Actor_01,calm,normal
Actor_01/03-01-02-01-01-02-01.wav,Actor_01,calm,normal
Actor_01/03-01-02-01-02-01-01.wav,Actor_01,calm,normal
Actor_01/03-01-02-01-02-02-01.wav,Actor_01,calm,normal
Actor_01/03-01-02-02-01-01-01.wav,Actor_01,calm,strong
Actor_01/03-01-02-02-01-02-01.wav,Actor_01,calm,strong
Actor_01/03-01-02-02-02-01-01.wav,Actor_01,calm,strong
Actor_01/03-01-02-02-02-02-01.wav,Actor_01,calm,strong
Actor_01/03-01-03-01-01-01-01.wav,Actor_01,happy,normal
Actor_01/03-01-03-01-01-02-01.wav,Actor_01,happy,normal
Actor_01/03-01-03-01-02-01-01.wav,Actor_01,happy,normal
Actor_01/03-01-03-01-02-02-01.wav,Actor_01,happy,normal
Actor_01/03-01-03-02-01-01-01.wav,Actor_01,happy,strong
Actor_01/03-01-03-02-01-02-01.wav,Actor_01,happy,strong
Actor_01/03-01-03-02-02-01-01.wav,Actor_01,happy,strong
Actor_01/03-01-03-02-02-02-01.wav,Actor_01,happy,strong
Actor_01/03-01-04-01-01-01-01.wav,Actor_01,sad,normal
Actor_01/03-01-04-01-01-02-01.wav,Actor_01,sad,normal
Actor_01/03-01-04-01-02-01-01.wav,Actor_01,sad,normal
Actor_01/03-01-04-01-02-02-01.wav,Actor_01,sad,normal
Actor_01/03-01-04-02-01-01-01.wav,Actor_01,sad,strong
Actor_01/03-01-04-02-01-02-01.wav,Actor_01,sad,strong
Actor_01/03-01-04-02-02-01-01.wav,Actor_01,sad,strong
Actor_01/03-01-04-02-02-02-01.wav,Actor_01,sad,strong
Actor_01/03-01-05-01-01-01-01.wav,Actor_01,angry,normal
Actor_01/03-01-05-01-01-02-01.wav,Actor_01,angry,normal
Actor_01/03-01-05-01-02-01-01.wav,Actor_01,angry,normal
Actor_01/03-01-05-01-02-02-01.wav,Actor_01,angry,normal
Actor_01/03-01-05-02-01-01-01.wav,Actor_01,angry,strong
Actor_01/03-01-05-02-01-02-01.wav,Actor_01,angry,strong
Actor_01/03-01-05-02-02-01-01.wav,Actor_01,angry,strong
Actor_01/03-01-05-02-02-02-01.wav,Actor_01,angry,strong
Actor_01/03-01-06-01-01-01-01.wav,Actor_01,fearful,normal
Actor_01/03-01-06-01-01-02-01.wav,Actor_01,fearful,normal
Actor_01/03-01-06-01-02-01-01.wav,Actor_01,fearful,normal
Actor_01/03-01-06-01-02-02-01.wav,Actor_01,fearful,normal
Actor_01/03-01-06-02-01-01-01.wav,Actor_01,fearful,strong
Actor_01/03-01-06-02-01-02-01.wav,Actor_01,fearful,strong
Actor_01/03-01-06-02-02-01-01.wav,Actor_01,fearful,strong
Actor_01/03-01-06-02-02-02-01.wav,Actor_01,fearful,strong
Actor_01/03-01-07-01-01-01-01.wav,Actor_01,disgust,normal
Actor_01/03-01-07-01-01-02-01.wav,Actor_01,disgust,normal
Actor_01/03-01-07-01-02-01-01.wav,Actor_01,disgust,normal
Actor_01/03-01-07-01-02-02-01.wav,Actor_01,disgust,normal
Actor_01/03-01-07-02-01-01-01.wav,Actor_01,disgust,strong
Actor_01/03-01-07-02-01-02-01.wav,Actor_01,disgust,strong
Actor_01/03-01-07-02-02-01-01.wav,Actor_01,disgust,strong
Actor_01/03-01-07-02-02-02-01.wav,Actor_01,disgust,strong
Actor_01/03-01-08-01-01-01-01.wav,Actor_01,surprised,normal
Actor_01/03-01-08-01-01-02-01.wav,Actor_01,surprised,normal
Actor_01/03-01-08-01-02-01-01.wav,Actor_01,surprised,normal
Actor_01/03-01-08-01-02-02-01.wav,Actor_01,surprised,normal
Actor_01/03-01-08-02-01-01-01.wav,Actor_01,surprised,strong
Actor_01/03-01-08-02-01-02-01.wav,Actor_01,surprised,strong
Actor_01/03-01-08-02-02-01-01.wav,Actor_01,surprised,strong
Actor_01/03-01-08-02-02-02-01.wav,Actor_01,surprised,strong
Actor_02/03-01-01-01-01-01-02.wav,Actor_02,neutral,normal
Actor_02/03-01-01-01-01-02-02.wav,Actor_02,neutral,normal
Actor_02/03-01-01-01-02-01-02.wav,Actor_02,neutral,normal
Actor_02/03-01-01-01-02-02-02.wav,Actor_02,neutral,normal
Actor_02/03-01-02-01-01-01-02.wav,Actor_02,calm,normal
Actor_02/03-01-02-01-01-02-02.wav,Actor_02,calm,normal
Actor_02/03-01-02-01-02-01-02.wav,Actor_02,calm,normal
Actor_02/03-01-02-01-02-02-02.wav,Actor_02,calm,normal
Actor_02/03-01-02-02-01-01-02.wav,Actor_02,calm,strong
Actor_02/03-01-02-02-01-02-02.wav,Actor_02,calm,strong
Actor_02/03-01-02-02-02-01-02.wav,Actor_02,calm,strong
Actor_02/03-01-02-02-02-02-02.wav,Actor_02,calm,strong
Actor_02/03-01-03-01-01-01-02.wav,Actor_02,happy,normal
Actor_02/03-01-03-01-01-02-02.wav,Actor_02,happy,normal
Actor_02/03-01-03-01-02-01-02.wav,Actor_02,happy,normal
Actor_02/03-01-03-01-02-02-02.wav,Actor_02,happy,normal
Actor_02/03-01-03-02-01-01-02.wav,Actor_02,happy,strong
Actor_02/03-01-03-02-01-02-02.wav,Actor_02,happy,strong
Actor_02/03-01-03-02-02-01-02.wav,Actor_02,happy,strong
Actor_02/03-01-03-02-02-02-02.wav,Actor_02,happy,strong
Actor_02/03-01-04-01-01-01-02.wav,Actor_02,sad,normal
Actor_02/03-01-04-01-01-02-02.wav,Actor_02,sad,normal
Actor_02/03-01-04-01-02-01-02.wav,Actor_02,sad,normal
Actor_02/03-01-04-01-02-02-02.wav,Actor_02,sad,normal
Actor_02/03-01-04-02-01-01-02.wav,Actor_02,sad,strong
Actor_02/03-01-04-02-01-02-02.wav,Actor_02,sad,strong
Actor_02/03-01-04-02-02-01-02.wav,Actor_02,sad,strong
Actor_02/03-01-04-02-02-02-02.wav,Actor_02,sad,strong
Actor_02/03-01-05-01-01-01-02.wav,Actor_02,angry,normal
Actor_02/03-01-05-01-01-02-02.wav,Actor_02,angry,normal
Actor_02/03-01-05-01-02-01-02.wav,Actor_02,angry,normal
Actor_02/03-01-05-01-02-02-02.wav,Actor_02,angry,normal
Actor_02/03-01-05-02-01-01-02.wav,Actor_02,angry,strong
Actor_02/03-01-05-02-01-02-02.wav,Actor_02,angry,strong
Actor_02/03-01-05-02-02-01-02.wav,Actor_02,angry,strong
Actor_02/03-01-05-02-02-02-02.wav,Actor_02,angry,strong
Actor_02/03-01-06-01-01-01-02.wav,Actor_02,fearful,normal
Actor_02/03-01-06-01-01-02-02.wav,Actor_02,fearful,normal
Actor_02/03-01-06-01-02-01-02.wav,Actor_02,fearful,normal
Actor_02/03-01-06-01-02-02-02.wav,Actor_02,fearful,normal
Actor_02/03-01-06-02-01-01-02.wav,Actor_02,fearful,strong
Actor_02/03-01-06-02-01-02-02.wav,Actor_02,fearful,strong
Actor_02/03-01-06-02-02-01-02.wav,Actor_02,fearful,strong
Actor_02/03-01-06-02-02-02-02.wav,Actor_02,fearful,strong
Actor_02/03-01-07-01-01-01-02.wav,Actor_02,disgust,normal
Actor_02/03-01-07-01-01-02-02.wav,Actor_02,disgust,normal
Actor_02/03-01-07-01-02-01-02.wav,Actor_02,disgust,normal
Actor_02/03-01-07-01-02-02-02.wav,Actor_02,disgust,normal
Actor_02/03-01-07-02-01-01-02.wav,Actor_02,disgust,strong
Actor_02/03-01-07-02-01-02-02.wav,Actor_02,disgust,strong
Actor_02/03-01-07-02-02-01-02.wav,Actor_02,disgust,strong
Actor_02/03-01-07-02-02-02-02.wav,Actor_02,disgust,strong
Actor_02/03-01-08-01-01-01-02.wav,Actor_02,surprised,normal
Actor_02/03-01-08-01-01-02-02.wav,Actor_02,surprised,normal
Actor_02/03-01-08-01-02-01-02.wav,Actor_02,surprised,normal
Actor_02/03-01-08-01-02-02-02.wav,Actor_02,surprised,normal
Actor_02/03-01-08-02-01-01-02.wav,Actor_02,surprised,strong
Actor_02/03-01-08-02-01-02-02.wav,Actor_02,surprised,strong
Actor_02/03-01-08-02-02-01-02.wav,Actor_02,surprised,strong
Actor_02/03-01-08-02-02-02-02.wav,Actor_02,surprised,strong
Actor_03/03-01-01-01-01-01-03.wav,Actor_03,neutral,normal
Actor_03/03-01-01-01-01-02-03.wav,Actor_03,neutral,normal
Actor_03/03-01-01-01-02-01-03.wav,Actor_03,neutral,normal
Actor_03/03-01-01-01-02-02-03.wav,Actor_03,neutral,normal
Actor_03/03-01-02-01-01-01-03.wav,Actor_03,calm,normal
Actor_03/03-01-02-01-01-02-03.wav,Actor_03,calm,normal
Actor_03/03-01-02-01-02-01-03.wav,Actor_03,calm,normal
Actor_03/03-01-02-01-02-02-03.wav,Actor_03,calm,normal
Actor_03/03-01-02-02-01-01-03.wav,Actor_03,calm,strong
Actor_03/03-01-02-02-01-02-03.wav,Actor_03,calm,strong
Actor_03/03-01-02-02-02-01-03.wav,Actor_03,calm,strong
Actor_03/03-01-02-02-02-02-03.wav,Actor_03,calm,strong
Actor_03/03-01-03-01-01-01-03.wav,Actor_03,happy,normal
Actor_03/03-01-03-01-01-02-03.wav,Actor_03,happy,normal
Actor_03/03-01-03-01-02-01-03.wav,Actor_03,happy,normal
Actor_03/03-01-03-01-02-02-03.wav,Actor_03,happy,normal
Actor_03/03-01-03-02-01-01-03.wav,Actor_03,happy,strong
Actor_03/03-01-03-02-01-02-03.wav,Actor_03,happy,strong
Actor_03/03-01-03-02-02-01-03.wav,Actor_03,happy,strong
Actor_03/03-01-03-02-02-02-03.wav,Actor_03,happy,strong
Actor_03/03-01-04-01-01-01-03.wav,Actor_03,sad,normal
Actor_03/03-01-04-01-01-02-03.wav,Actor_03,sad,normal
Actor_03/03-01-04-01-02-01-03.wav,Actor_03,sad,normal
Actor_03/03-01-04-01-02-02-03.wav,Actor_03,sad,normal
Actor_03/03-01-04-02-01-01-03.wav,Actor_03,sad,strong
Actor_03/03-01-04-02-01-02-03.wav,Actor_03,sad,strong
Actor_03/03-01-04-02-02-01-03.wav,Actor_03,sad,strong
Actor_03/03-01-04-02-02-02-03.wav,Actor_03,sad,strong
Actor_03/03-01-05-01-01-01-03.wav,Actor_03,angry,normal
Actor_03/03-01-05-01-01-02-03.wav,Actor_03,angry,normal
Actor_03/03-01-05-01-02-01-03.wav,Actor_03,angry,normal
Actor_03/03-01-05-01-02-02-03.wav,Actor_03,angry,normal
Actor_03/03-01-05-02-01-01-03.wav,Actor_03,angry,strong
Actor_03/03-01-05-02-01-02-03.wav,Actor_03,angry,strong
Actor_03/03-01-05-02-02-01-03.wav,Actor_03,angry,strong
Actor_03/03-01-05-02-02-02-03.wav,Actor_03,angry,strong
Actor_03/03-01-06-01-01-01-03.wav,Actor_03,fearful,normal
Actor_03/03-01-06-01-01-02-03.wav,Actor_03,fearful,normal
Actor_03/03-01-06-01-02-01-03.wav,Actor_03,fearful,normal
Actor_03/03-01-06-01-02-02-03.wav,Actor_03,fearful,normal
Actor_03/03-01-06-02-01-01-03.wav,Actor_03,fearful,strong
Actor_03/03-01-06-02-01-02-03.wav,Actor_03,fearful,strong
Actor_03/03-01-06-02-02-01-03.wav,Actor_03,fearful,strong
Actor_03/03-01-06-02-02-02-03.wav,Actor_03,fearful,strong
Actor_03/03-01-07-01-01-01-03.wav,Actor_03,disgust,normal
Actor_03/03-01-07-01-01-02-03.wav,Actor_03,disgust,normal
Actor_03/03-01-07-01-02-01-03.wav,Actor_03,disgust,normal
Actor_03/03-01-07-01-02-02-03.wav,Actor_03,disgust,normal
Actor_03/03-01-07-02-01-01-03.wav,Actor_03,disgust,strong
Actor_03/03-01-07-02-01-02-03.wav,Actor_03,disgust,strong
Actor_03/03-01-07-02-02-01-03.wav,Actor_03,disgust,strong
Actor_03/03-01-07-02-02-02-03.wav,Actor_03,disgust,strong
Actor_03/03-01-08-01-01-01-03.wav,Actor_03,surprised,normal
Actor_03/03-01-08-01-01-02-03.wav,Actor_03,surprised,normal
Actor_03/03-01-08-01-02-01-03.wav,Actor_03,surprised,normal
Actor_03/03-01-08-01-02-02-03.wav,Actor_03,surprised,normal
Actor_03/03-01-08-02-01-01-03.wav,Actor_03,surprised,strong
Actor_03/03-01-08-02-01-02-03.wav,Actor_03,surprised,strong
Actor_03/03-01-08-02-02-01-03.wav,Actor_03,surprised,strong
Actor_03/03-01-08-02-02-02-03.wav,Actor_03,surprised,strong
Actor_04/03-01-01-01-01-01-04.wav,Actor_04,neutral,normal
Actor_04/03-01-01-01-01-02-04.wav,Actor_04,neutral,normal
Actor_04/03-01-01-01-02-01-04.wav,Actor_04,neutral,normal
Actor_04/03-01-01-01-02-02-04.wav,Actor_04,neutral,normal
Actor_04/03-01-02-01-01-01-04.wav,Actor_04,calm,normal
Actor_04/03-01-02-01-01-02-04.wav,Actor_04,calm,normal
Actor_04/03-01-02-01-02-01-04.wav,Actor_04,calm,normal
Actor_04/03-01-02-01-02-02-04.wav,Actor_04,calm,normal
Actor_04/03-01-02-02-01-01-04.wav,Actor_04,calm,strong
Actor_04/03-01-02-02-01-02-04.wav,Actor_04,calm,strong
Actor_04/03-01-02-02-02-01-04.wav,Actor_04,calm,strong
Actor_04/03-01-02-02-02-02-04.wav,Actor_04,calm,strong
Actor_04/03-01-03-01-01-01-04.wav,Actor_04,happy,normal
Actor_04/03-01-03-01-01-02-04.wav,Actor_04,happy,normal
Actor_04/03-01-03-01-02-01-04.wav,Actor_04,happy,normal
Actor_04/03-01-03-01-02-02-04.wav,Actor_04,happy,normal
Actor_04/03-01-03-02-01-01-04.wav,Actor_04,happy,strong
Actor_04/03-01-03-02-01-02-04.wav,Actor_04,happy,strong
Actor_04/03-01-03-02-02-01-04.wav,Actor_04,happy,strong
Actor_04/03-01-03-02-02-02-04.wav,Actor_04,happy,strong
Actor_04/03-01-04-01-01-01-04.wav,Actor_04,sad,normal
Actor_04/03-01-04-01-01-02-04.wav,Actor_04,sad,normal
Actor_04/03-01-04-01-02-01-04.wav,Actor_04,sad,normal
Actor_04/03-01-04-01-02-02-04.wav,Actor_04,sad,normal
Actor_04/03-01-04-02-01-01-04.wav,Actor_04,sad,strong
Actor_04/03-01-04-02-01-02-04.wav,Actor_04,sad,strong
Actor_04/03-01-04-02-02-01-04.wav,Actor_04,sad,strong
Actor_04/03-01-04-02-02-02-04.wav,Actor_04,sad,strong
Actor_04/03-01-05-01-01-01-04.wav,Actor_04,angry,normal
Actor_04/03-01-05-01-01-02-04.wav,Actor_04,angry,normal
Actor_04/03-01-05-01-02-01-04.wav,Actor_04,angry,normal
Actor_04/03-01-05-01-02-02-04.wav,Actor_04,angry,normal
Actor_04/03-01-05-02-01-01-04.wav,Actor_04,angry,strong
Actor_04/03-01-05-02-01-02-04.wav,Actor_04,angry,strong
Actor_04/03-01-05-02-02-01-04.wav,Actor_04,angry,strong
Actor_04/03-01-05-02-02-02-04.wav,Actor_04,angry,strong
Actor_04/03-01-06-01-01-01-04.wav,Actor_04,fearful,normal
Actor_04/03-01-06-01-01-02-04.wav,Actor_04,fearful,normal
Actor_04/03-01-06-01-02-01-04.wav,Actor_04,fearful,normal
Actor_04/03-01-06-01-02-02-04.wav,Actor_04,fearful,normal
Actor_04/03-01-06-02-01-01-04.wav,Actor_04,fearful,strong
Actor_04/03-01-06-02-01-02-04.wav,Actor_04,fearful,strong
Actor_04/03-01-06-02-02-01-04.wav,Actor_04,fearful,strong
Actor_04/03-01-06-02-02-02-04.wav,Actor_04,fearful,strong
Actor_04/03-01-07-01-01-01-04.wav,Actor_04,disgust,normal
Actor_04/03-01-07-01-01-02-04.wav,Actor_04,disgust,normal
Actor_04/03-01-07-01-02-01-04.wav,Actor_04,disgust,normal
Actor_04/03-01-07-01-02-02-04.wav,Actor_04,disgust,normal
Actor_04/03-01-07-02-01-01-04.wav,Actor_04,disgust,strong
Actor_04/03-01-07-02-01-02-04.wav,Actor_04,disgust,strong
Actor_04/03-01-07-02-02-01-04.wav,Actor_04,disgust,strong
Actor_04/03-01-07-02-02-02-04.wav,Actor_04,disgust,strong
Actor_04/03-01-08-01-01-01-04.wav,Actor_04,surprised,normal
Actor_04/03-01-08-01-01-02-04.wav,Actor_04,surprised,normal
Actor_04/03-01-08-01-02-01-04.wav,Actor_04,surprised,normal
Actor_04/03-01-08-01-02-02-04.wav,Actor_04,surprised,normal
Actor_04/03-01-08-02-01-01-04.wav,Actor_04,surprised,strong
Actor_04/03-01-08-02-01-02-04.wav,Actor_04,surprised,strong
Actor_04/03-01-08-02-02-01-04.wav,Actor_04,surprised,strong
Actor_04/03-01-08-02-02-02-04.wav,Actor_04,surprised,strong
Actor_05/03-01-01-01-01-01-05.wav,Actor_05,neutral,normal
Actor_05/03-01-01-01-01-02-05.wav,Actor_05,neutral,normal
Actor_05/03-01-01-01-02-01-05.wav,Actor_05,neutral,normal
Actor_05/03-01-01-01-02-02-05.wav,Actor_05,neutral,normal
Actor_05/03-01-02-01-01-01-05.wav,Actor_05,calm,normal
Actor_05/03-01-02-01-01-02-05.wav,Actor_05,calm,normal
Actor_05/03-01-02-01-02-01-05.wav,Actor_05,calm,normal
Actor_05/03-01-02-01-02-02-05.wav,Actor_05,calm,normal
Actor_05/03-01-02-02-01-01-05.wav,Actor_05,calm,strong
Actor_05/03-01-02-02-01-02-05.wav,Actor_05,calm,strong
Actor_05/03-01-02-02-02-01-05.wav,Actor_05,calm,strong
Actor_05/03-01-02-02-02-02-05.wav,Actor_05,calm,strong
Actor_05/03-01-03-01-01-01-05.wav,Actor_05,happy,normal
Actor_05/03-01-03-01-01-02-05.wav,Actor_05,happy,normal
Actor_05/03-01-03-01-02-01-05.wav,Actor_05,happy,normal
Actor_05/03-01-03-01-02-02-05.wav,Actor_05,happy,normal
Actor_05/03-01-03-02-01-01-05.wav,Actor_05,happy,strong
Actor_05/03-01-03-02-01-02-05.wav,Actor_05,happy,strong
Actor_05/03-01-03-02-02-01-05.wav,Actor_05,happy,strong
Actor_05/03-01-03-02-02-02-05.wav,Actor_05,happy,strong
Actor_05/03-01-04-01-01-01-05.wav,Actor_05,sad,normal
Actor_05/03-01-04-01-01-02-05.wav,Actor_05,sad,normal
Actor_05/03-01-04-01-02-01-05.wav,Actor_05,sad,normal
Actor_05/03-01-04-01-02-02-05.wav,Actor_05,sad,normal
Actor_05/03-01-04-02-01-01-05.wav,Actor_05,sad,strong
Actor_05/03-01-04-02-01-02-05.wav,Actor_05,sad,strong
Actor_05/03-01-04-02-02-01-05.wav,Actor_05,sad,strong
Actor_05/03-01-04-02-02-02-05.wav,Actor_05,sad,strong
Actor_05/03-01-05-01-01-01-05.wav,Actor_05,angry,normal
Actor_05/03-01-05-01-01-02-05.wav,Actor_05,angry,normal
Actor_05/03-01-05-01-02-01-05.wav,Actor_05,angry,normal
Actor_05/03-01-05-01-02-02-05.wav,Actor_05,angry,normal
Actor_05/03-01-05-02-01-01-05.wav,Actor_05,angry,strong
Actor_05/03-01-05-02-01-02-05.wav,Actor_05,angry,strong
Actor_05/03-01-05-02-02-01-05.wav,Actor_05,angry,strong
Actor_05/03-01-05-02-02-02-05.wav,Actor_05,angry,strong
Actor_05/03-01-06-01-01-01-05.wav,Actor_05,fearful,normal
Actor_05/03-01-06-01-01-02-05.wav,Actor_05,fearful,normal
Actor_05/03-01-06-01-02-01-05.wav,Actor_05,fearful,normal
Actor_05/03-01-06-01-02-02-05.wav,Actor_05,fearful,normal
Actor_05/03-01-06-02-01-01-05.wav,Actor_05,fearful,strong
Actor_05/03-01-06-02-01-02-05.wav,Actor_05,fearful,strong
Actor_05/03-01-06-02-02-01-05.wav,Actor_05,fearful,strong
Actor_05/03-01-06-02-02-02-05.wav,Actor_05,fearful,strong
Actor_05/03-01-07-01-01-01-05.wav,Actor_05,disgust,normal
Actor_05/03-01-07-01-01-02-05.wav,Actor_05,disgust,normal
Actor_05/03-01-07-01-02-01-05.wav,Actor_05,disgust,normal
Actor_05/03-01-07-01-02-02-05.wav,Actor_05,disgust,normal
Actor_05/03-01-07-02-01-01-05.wav,Actor_05,disgust,strong
Actor_05/03-01-07-02-01-02-05.wav,Actor_05,disgust,strong
Actor_05/03-01-07-02-02-01-05.wav,Actor_05,disgust,strong
Actor_05/03-01-07-02-02-02-05.wav,Actor_05,disgust,strong
Actor_05/03-01-08-01-01-01-05.wav,Actor_05,surprised,normal
Actor_05/03-01-08-01-01-02-05.wav,Actor_05,surprised,normal
Actor_05/03-01-08-01-02-01-05.wav,Actor_05,surprised,normal
Actor_05/03-01-08-01-02-02-05.wav,Actor_05,surprised,normal
Actor_05/03-01-08-02-01-01-05.wav,Actor_05,surprised,strong
Actor_05/03-01-08-02-01-02-05.wav,Actor_05,surprised,strong
Actor_05/03-01-08-02-02-01-05.wav,Actor_05,surprised,strong
Actor_05/03-01-08-02-02-02-05.wav,Actor_05,surprised,strong
Actor_06/03-01-01-01-01-01-06.wav,Actor_06,neutral,normal
Actor_06/03-01-01-01-01-02-06.wav,Actor_06,neutral,normal
Actor_06/03-01-01-01-02-01-06.wav,Actor_06,neutral,normal
Actor_06/03-01-01-01-02-02-06.wav,Actor_06,neutral,normal
Actor_06/03-01-02-01-01-01-06.wav,Actor_06,calm,normal
Actor_06/03-01-02-01-01-02-06.wav,Actor_06,calm,normal
Actor_06/03-01-02-01-02-01-06.wav,Actor_06,calm,normal
Actor_06/03-01-02-01-02-02-06.wav,Actor_06,calm,normal
Actor_06/03-01-02-02-01-01-06.wav,Actor_06,calm,strong
Actor_06/03-01-02-02-01-02-06.wav,Actor_06,calm,strong
Actor_06/03-01-02-02-02-01-06.wav,Actor_06,calm,strong
Actor_06/03-01-02-02-02-02-06.wav,Actor_06,calm,strong
Actor_06/03-01-03-01-01-01-06.wav,Actor_06,happy,normal
Actor_06/03-01-03-01-01-02-06.wav,Actor_06,happy,normal
Actor_06/03-01-03-01-02-01-06.wav,Actor_06,happy,normal
Actor_06/03-01-03-01-02-02-06.wav,Actor_06,happy,normal
Actor_06/03-01-03-02-01-01-06.wav,Actor_06,happy,strong
Actor_06/03-01-03-02-01-02-06.wav,Actor_06,happy,strong
Actor_06/03-01-03-02-02-01-06.wav,Actor_06,happy,strong
Actor_06/03-01-03-02-02-02-06.wav,Actor_06,happy,strong
Actor_06/03-01-04-01-01-01-06.wav,Actor_06,sad,normal
Actor_06/03-01-04-01-01-02-06.wav,Actor_06,sad,normal
Actor_06/03-01-04-01-02-01-06.wav,Actor_06,sad,normal
Actor_06/03-01-04-01-02-02-06.wav,Actor_06,sad,normal
Actor_06/03-01-04-02-01-01-06.wav,Actor_06,sad,strong
Actor_06/03-01-04-02-01-02-06.wav,Actor_06,sad,strong
Actor_06/03-01-04-02-02-01-06.wav,Actor_06,sad,strong
Actor_06/03-01-04-02-02-02-06.wav,Actor_06,sad,strong
Actor_06/03-01-05-01-01-01-06.wav,Actor_06,angry,normal
Actor_06/03-01-05-01-01-02-06.wav,Actor_06,angry,normal
Actor_06/03-01-05-01-02-01-06.wav,Actor_06,angry,normal
Actor_06/03-01-05-01-02-02-06.wav,Actor_06,angry,normal
Actor_06/03-01-05-02-01-01-06.wav,Actor_06,angry,strong
Actor_06/03-01-05-02-01-02-06.wav,Actor_06,angry,strong
Actor_06/03-01-05-02-02-01-06.wav,Actor_06,angry,strong
Actor_06/03-01-05-02-02-02-06.wav,Actor_06,angry,strong
Actor_06/03-01-06-01-01-01-06.wav,Actor_06,fearful,normal
Actor_06/03-01-06-01-01-02-06.wav,Actor_06,fearful,normal
Actor_06/03-01-06-01-02-01-06.wav,Actor_06,fearful,normal
Actor_06/03-01-06-01-02-02-06.wav,Actor_06,fearful,normal
Actor_06/03-01-06-02-01-01-06.wav,Actor_06,fearful,strong
Actor_06/03-01-06-02-01-02-06.wav,Actor_06,fearful,strong
Actor_06/03-01-06-02-02-01-06.wav,Actor_06,fearful,strong
Actor_06/03-01-06-02-02-02-06.wav,Actor_06,fearful,strong
Actor_06/03-01-07-01-01-01-06.wav,Actor_06,disgust,normal
Actor_06/03-01-07-01-01-02-06.wav,Actor_06,disgust,normal
Actor_06/03-01-07-01-02-01-06.wav,Actor_06,disgust,normal
Actor_06/03-01-07-01-02-02-06.wav,Actor_06,disgust,normal
Actor_06/03-01-07-02-01-01-06.wav,Actor_06,disgust,strong
Actor_06/03-01-07-02-01-02-06.wav,Actor_06,disgust,strong
Actor_06/03-01-07-02-02-01-06.wav,Actor_06,disgust,strong
Actor_06/03-01-07-02-02-02-06.wav,Actor_06,disgust,strong
Actor_06/03-01-08-01-01-01-06.wav,Actor_06,surprised,normal
Actor_06/03-01-08-01-01-02-06.wav,Actor_06,surprised,normal
Actor_06/03-01-08-01-02-01-06.wav,Actor_06,surprised,normal
Actor_06/03-01-08-01-02-02-06.wav,Actor_06,surprised,normal
Actor_06/03-01-08-02-01-01-06.wav,Actor_06,surprised,strong
Actor_06/03-01-08-02-01-02-06.wav,Actor_06,surprised,strong
Actor_06/03-01-08-02-02-01-06.wav,Actor_06,surprised,strong
Actor_06/03-01-08-02-02-02-06.wav,Actor_06,surprised,strong
Actor_07/03-01-01-01-01-01-07.wav,Actor_07,neutral,normal
Actor_07/03-01-01-01-01-02-07.wav,Actor_07,neutral,normal
Actor_07/03-01-01-01-02-01-07.wav,Actor_07,neutral,normal
Actor_07/03-01-01-01-02-02-07.wav,Actor_07,neutral,normal
Actor_07/03-01-02-01-01-01-07.wav,Actor_07,calm,normal
Actor_07/03-01-02-01-01-02-07.wav,Actor_07,calm,normal
Actor_07/03-01-02-01-02-01-07.wav,Actor_07,calm,normal
Actor_07/03-01-02-01-02-02-07.wav,Actor_07,calm,normal
Actor_07/03-01-02-02-01-01-07.wav,Actor_07,calm,strong
Actor_07/03-01-02-02-01-02-07.wav,Actor_07,calm,strong
Actor_07/03-01-02-02-02-01-07.wav,Actor_07,calm,strong
Actor_07/03-01-02-02-02-02-07.wav,Actor_07,calm,strong
Actor_07/03-01-03-01-01-01-07.wav,Actor_07,happy,normal
Actor_07/03-01-03-01-01-02-07.wav,Actor_07,happy,normal
Actor_07/03-01-03-01-02-01-07.wav,Actor_07,happy,normal
Actor_07/03-01-03-01-02-02-07.wav,Actor_07,happy,normal
Actor_07/03-01-03-02-01-01-07.wav,Actor_07,happy,strong
Actor_07/03-01-03-02-01-02-07.wav,Actor_07,happy,strong
Actor_07/03-01-03-02-02-01-07.wav,Actor_07,happy,strong
Actor_07/03-01-03-02-02-02-07.wav,Actor_07,happy,strong
Actor_07/03-01-04-01-01-01-07.wav,Actor_07,sad,normal
Actor_07/03-01-04-01-01-02-07.wav,Actor_07,sad,normal
Actor_07/03-01-04-01-02-01-07.wav,Actor_07,sad,normal
Actor_07/03-01-04-01-02-02-07.wav,Actor_07,sad,normal
Actor_07/03-01-04-02-01-01-07.wav,Actor_07,sad,strong
Actor_07/03-01-04-02-01-02-07.wav,Actor_07,sad,strong
Actor_07/03-01-04-02-02-01-07.wav,Actor_07,sad,strong
Actor_07/03-01-04-02-02-02-07.wav,Actor_07,sad,strong
Actor_07/03-01-05-01-01-01-07.wav,Actor_07,angry,normal
Actor_07/03-01-05-01-01-02-07.wav,Actor_07,angry,normal
Actor_07/03-01-05-01-02-01-07.wav,Actor_07,angry,normal
Actor_07/03-01-05-01-02-02-07.wav,Actor_07,angry,normal
Actor_07/03-01-05-02-01-01-07.wav,Actor_07,angry,strong
Actor_07/03-01-05-02-01-02-07.wav,Actor_07,angry,strong
Actor_07/03-01-05-02-02-01-07.wav,Actor_07,angry,strong
Actor_07/03-01-05-02-02-02-07.wav,Actor_07,angry,strong
Actor_07/03-01-06-01-01-01-07.wav,Actor_07,fearful,normal
Actor_07/03-01-06-01-01-02-07.wav,Actor_07,fearful,normal
Actor_07/03-01-06-01-02-01-07.wav,Actor_07,fearful,normal
Actor_07/03-01-06-01-02-02-07.wav,Actor_07,fearful,normal
Actor_07/03-01-06-02-01-01-07.wav,Actor_07,fearful,strong
Actor_07/03-01-06-02-01-02-07.wav,Actor_07,fearful,strong
Actor_07/03-01-06-02-02-01-07.wav,Actor_07,fearful,strong
Actor_07/03-01-06-02-02-02-07.wav,Actor_07,fearful,strong
Actor_07/03-01-07-01-01-01-07.wav,Actor_07,disgust,normal
Actor_07/03-01-07-01-01-02-07.wav,Actor_07,disgust,normal
Actor_07/03-01-07-01-02-01-07.wav,Actor_07,disgust,normal
Actor_07/03-01-07-01-02-02-07.wav,Actor_07,disgust,normal
Actor_07/03-01-07-02-01-01-07.wav,Actor_07,disgust,strong
Actor_07/03-01-07-02-01-02-07.wav,Actor_07,disgust,strong
Actor_07/03-01-07-02-02-01-07.wav,Actor_07,disgust,strong
Actor_07/03-01-07-02-02-02-07.wav,Actor_07,disgust,strong
Actor_07/03-01-08-01-01-01-07.wav,Actor_07,surprised,normal
Actor_07/03-01-08-01-01-02-07.wav,Actor_07,surprised,normal
Actor_07/03-01-08-01-02-01-07.wav,Actor_07,surprised,normal
Actor_07/03-01-08-01-02-02-07.wav,Actor_07,surprised,normal
Actor_07/03-01-08-02-01-01-07.wav,Actor_07,surprised,strong
Actor_07/03-01-08-02-01-02-07.wav,Actor_07,surprised,strong
Actor_07/03-01-08-02-02-01-07.wav,Actor_07,surprised,strong
Actor_07/03-01-08-02-02-02-07.wav,Actor_07,surprised,strong
Actor_08/03-01-01-01-01-01-08.wav,Actor_08,neutral,normal
Actor_08/03-01-01-01-01-02-08.wav,Actor_08,neutral,normal
Actor_08/03-01-01-01-02-01-08.wav,Actor_08,neutral,normal
Actor_08/03-01-01-01-02-02-08.wav,Actor_08,neutral,normal
Actor_08/03-01-02-01-01-01-08.wav,Actor_08,calm,normal
Actor_08/03-01-02-01-01-02-08.wav,Actor_08,calm,normal
Actor_08/03-01-02-01-02-01-08.wav,Actor_08,calm,normal
Actor_08/03-01-02-01-02-02-08.wav,Actor_08,calm,normal
Actor_08/03-01-02-02-01-01-08.wav,Actor_08,calm,strong
Actor_08/03-01-02-02-01-02-08.wav,Actor_08,calm,strong
Actor_08/03-01-02-02-02-01-08.wav,Actor_08,calm,strong
Actor_08/03-01-02-02-02-02-08.wav,Actor_08,calm,strong
Actor_08/03-01-03-01-01-01-08.wav,Actor_08,happy,normal
Actor_08/03-01-03-01-01-02-08.wav,Actor_08,happy,normal
Actor_08/03-01-03-01-02-01-08.wav,Actor_08,happy,normal
Actor_08/03-01-03-01-02-02-08.wav,Actor_08,happy,normal
Actor_08/03-01-03-02-01-01-08.wav,Actor_08,happy,strong
Actor_08/03-01-03-02-01-02-08.wav,Actor_08,happy,strong
Actor_08/03-01-03-02-02-01-08.wav,Actor_08,happy,strong
Actor_08/03-01-03-02-02-02-08.wav,Actor_08,happy,strong
Actor_08/03-01-04-01-01-01-08.wav,Actor_08,sad,normal
Actor_08/03-01-04-01-01-02-08.wav,Actor_08,sad,normal
Actor_08/03-01-04-01-02-01-08.wav,Actor_08,sad,normal
Actor_08/03-01-04-01-02-02-08.wav,Actor_08,sad,normal
Actor_08/03-01-04-02-01-01-08.wav,Actor_08,sad,strong
Actor_08/03-01-04-02-01-02-08.wav,Actor_08,sad,strong
Actor_08/03-01-04-02-02-01-08.wav,Actor_08,sad,strong
Actor_08/03-01-04-02-02-02-08.wav,Actor_08,sad,strong
Actor_08/03-01-05-01-01-01-08.wav,Actor_08,angry,normal
Actor_08/03-01-05-01-01-02-08.wav,Actor_08,angry,normal
Actor_08/03-01-05-01-02-01-08.wav,Actor_08,angry,normal
Actor_08/03-01-05-01-02-02-08.wav,Actor_08,angry,normal
Actor_08/03-01-05-02-01-01-08.wav,Actor_08,angry,strong
Actor_08/03-01-05-02-01-02-08.wav,Actor_08,angry,strong
Actor_08/03-01-05-02-02-01-08.wav,Actor_08,angry,strong
Actor_08/03-01-05-02-02-02-08.wav,Actor_08,angry,strong
Actor_08/03-01-06-01-01-01-08.wav,Actor_08,fearful,normal
Actor_08/03-01-06-01-01-02-08.wav,Actor_08,fearful,normal
Actor_08/03-01-06-01-02-01-08.wav,Actor_08,fearful,normal
Actor_08/03-01-06-01-02-02-08.wav,Actor_08,fearful,normal
Actor_08/03-01-06-02-01-01-08.wav,Actor_08,fearful,strong
Actor_08/03-01-06-02-01-02-08.wav,Actor_08,fearful,strong
Actor_08/03-01-06-02-02-01-08.wav,Actor_08,fearful,strong
Actor_08/03-01-06-02-02-02-08.wav,Actor_08,fearful,strong
Actor_08/03-01-07-01-01-01-08.wav,Actor_08,disgust,normal
Actor_08/03-01-07-01-01-02-08.wav,Actor_08,disgust,normal
Actor_08/03-01-07-01-02-01-08.wav,Actor_08,disgust,normal
Actor_08/03-01-07-01-02-02-08.wav,Actor_08,disgust,normal
Actor_08/03-01-07-02-01-01-08.wav,Actor_08,disgust,strong
Actor_08/03-01-07-02-01-02-08.wav,Actor_08,disgust,strong
Actor_08/03-01-07-02-02-01-08.wav,Actor_08,disgust,strong
Actor_08/03-01-07-02-02-02-08.wav,Actor_08,disgust,strong
Actor_08/03-01-08-01-01-01-08.wav,Actor_08,surprised,normal
Actor_08/03-01-08-01-01-02-08.wav,Actor_08,surprised,normal
Actor_08/03-01-08-01-02-01-08.wav,Actor_08,surprised,normal
Actor_08/03-01-08-01-02-02-08.wav,Actor_08,surprised,normal
Actor_08/03-01-08-02-01-01-08.wav,Actor_08,surprised,strong
Actor_08/03-01-08-02-01-02-08.wav,Actor_08,surprised,strong
Actor_08/03-01-08-02-02-01-08.wav,Actor_08,surprised,strong
Actor_08/03-01-08-02-02-02-08.wav,Actor_08,surprised,strong
Actor_09/03-01-01-01-01-01-09.wav,Actor_09,neutral,normal
Actor_09/03-01-01-01-01-02-09.wav,Actor_09,neutral,normal
Actor_09/03-01-01-01-02-01-09.wav,Actor_09,neutral,normal
Actor_09/03-01-01-01-02-02-09.wav,Actor_09,neutral,normal
Actor_09/03-01-02-01-01-01-09.wav,Actor_09,calm,normal
Actor_09/03-01-02-01-01-02-09.wav,Actor_09,calm,normal
Actor_09/03-01-02-01-02-01-09.wav,Actor_09,calm,normal
Actor_09/03-01-02-01-02-02-09.wav,Actor_09,calm,normal
Actor_09/03-01-02-02-01-01-09.wav,Actor_09,calm,strong
Actor_09/03-01-02-02-01-02-09.wav,Actor_09,calm,strong
Actor_09/03-01-02-02-02-01-09.wav,Actor_09,calm,strong
Actor_09/03-01-02-02-02-02-09.wav,Actor_09,calm,strong
Actor_09/03-01-03-01-01-01-09.wav,Actor_09,happy,normal
Actor_09/03-01-03-01-01-02-09.wav,Actor_09,happy,normal
Actor_09/03-01-03-01-02-01-09.wav,Actor_09,happy,normal
Actor_09/03-01-03-01-02-02-09.wav,Actor_09,happy,normal
Actor_09/03-01-03-02-01-01-09.wav,Actor_09,happy,strong
Actor_09/03-01-03-02-01-02-09.wav,Actor_09,happy,strong
Actor_09/03-01-03-02-02-01-09.wav,Actor_09,happy,strong
Actor_09/03-01-03-02-02-02-09.wav,Actor_09,happy,strong
Actor_09/03-01-04-01-01-01-09.wav,Actor_09,sad,normal
Actor_09/03-01-04-01-01-02-09.wav,Actor_09,sad,normal
Actor_09/03-01-04-01-02-01-09.wav,Actor_09,sad,normal
Actor_09/03-01-04-01-02-02-09.wav,Actor_09,sad,normal
Actor_09/03-01-04-02-01-01-09.wav,Actor_09,sad,strong
Actor_09/03-01-04-02-01-02-09.wav,Actor_09,sad,strong
Actor_09/03-01-04-02-02-01-09.wav,Actor_09,sad,strong
Actor_09/03-01-04-02-02-02-09.wav,Actor_09,sad,strong
Actor_09/03-01-05-01-01-01-09.wav,Actor_09,angry,normal
Actor_09/03-01-05-01-01-02-09.wav,Actor_09,angry,normal
Actor_09/03-01-05-01-02-01-09.wav,Actor_09,angry,normal
Actor_09/03-01-05-01-02-02-09.wav,Actor_09,angry,normal
Actor_09/03-01-05-02-01-01-09.wav,Actor_09,angry,strong
Actor_09/03-01-05-02-01-02-09.wav,Actor_09,angry,strong
Actor_09/03-01-05-02-02-01-09.wav,Actor_09,angry,strong
Actor_09/03-01-05-02-02-02-09.wav,Actor_09,angry,strong
Actor_09/03-01-06-01-01-01-09.wav,Actor_09,fearful,normal
Actor_09/03-01-06-01-01-02-09.wav,Actor_09,fearful,normal
Actor_09/03-01-06-01-02-01-09.wav,Actor_09,fearful,normal
Actor_09/03-01-06-01-02-02-09.wav,Actor_09,fearful,normal
Actor_09/03-01-06-02-01-01-09.wav,Actor_09,fearful,strong
Actor_09/03-01-06-02-01-02-09.wav,Actor_09,fearful,strong
Actor_09/03-01-06-02-02-01-09.wav,Actor_09,fearful,strong
Actor_09/03-01-06-02-02-02-09.wav,Actor_09,fearful,strong
Actor_09/03-01-07-01-01-01-09.wav,Actor_09,disgust,normal
Actor_09/03-01-07-01-01-02-09.wav,Actor_09,disgust,normal
Actor_09/03-01-07-01-02-01-09.wav,Actor_09,disgust,normal
Actor_09/03-01-07-01-02-02-09.wav,Actor_09,disgust,normal
Actor_09/03-01-07-02-01-01-09.wav,Actor_09,disgust,strong
Actor_09/03-01-07-02-01-02-09.wav,Actor_09,disgust,strong
Actor_09/03-01-07-02-02-01-09.wav,Actor_09,disgust,strong
Actor_09/03-01-07-02-02-02-09.wav,Actor_09,disgust,strong
Actor_09/03-01-08-01-01-01-09.wav,Actor_09,surprised,normal
Actor_09/03-01-08-01-01-02-09.wav,Actor_09,surprised,normal
Actor_09/03-01-08-01-02-01-09.wav,Actor_09,surprised,normal
Actor_09/03-01-08-01-02-02-09.wav,Actor_09,surprised,normal
Actor_09/03-01-08-02-01-01-09.wav,Actor_09,surprised,strong
Actor_09/03-01-08-02-01-02-09.wav,Actor_09,surprised,strong
Actor_09/03-01-08-02-02-01-09.wav,Actor_09,surprised,strong
Actor_09/03-01-08-02-02-02-09.wav,Actor_09,surprised,strong
Actor_10/03-01-01-01-01-01-10.wav,Actor_10,neutral,normal
Actor_10/03-01-01-01-01-02-10.wav,Actor_10,neutral,normal
Actor_10/03-01-01-01-02-01-10.wav,Actor_10,neutral,normal
Actor_10/03-01-01-01-02-02-10.wav,Actor_10,neutral,normal
Actor_10/03-01-02-01-01-01-10.wav,Actor_10,calm,normal
Actor_10/03-01-02-01-01-02-10.wav,Actor_10,calm,normal
Actor_10/03-01-02-01-02-01-10.wav,Actor_10,calm,normal
Actor_10/03-01-02-01-02-02-10.wav,Actor_10,calm,normal
Actor_10/03-01-02-02-01-01-10.wav,Actor_10,calm,strong
Actor_10/03-01-02-02-01-02-10.wav,Actor_10,calm,strong
Actor_10/03-01-02-02-02-01-10.wav,Actor_10,calm,strong
Actor_10/03-01-02-02-02-02-10.wav,Actor_10,calm,strong
Actor_10/03-01-03-01-01-01-10.wav,Actor_10,happy,normal
Actor_10/03-01-03-01-01-02-10.wav,Actor_10,happy,normal
Actor_10/03-01-03-01-02-01-10.wav,Actor_10,happy,normal
Actor_10/03-01-03-01-02-02-10.wav,Actor_10,happy,normal
Actor_10/03-01-03-02-01-01-10.wav,Actor_10,happy,strong
Actor_10/03-01-03-02-01-02-10.wav,Actor_10,happy,strong
Actor_10/03-01-03-02-02-01-10.wav,Actor_10,happy,strong
Actor_10/03-01-03-02-02-02-10.wav,Actor_10,happy,strong
Actor_10/03-01-04-01-01-01-10.wav,Actor_10,sad,normal
Actor_10/03-01-04-01-01-02-10.wav,Actor_10,sad,normal
Actor_10/03-01-04-01-02-01-10.wav,Actor_10,sad,normal
Actor_10/03-01-04-01-02-02-10.wav,Actor_10,sad,normal
Actor_10/03-01-04-02-01-01-10.wav,Actor_10,sad,strong
Actor_10/03-01-04-02-01-02-10.wav,Actor_10,sad,strong
Actor_10/03-01-04-02-02-01-10.wav,Actor_10,sad,strong
Actor_10/03-01-04-02-02-02-10.wav,Actor_10,sad,strong
Actor_10/03-01-05-01-01-01-10.wav,Actor_10,angry,normal
Actor_10/03-01-05-01-01-02-10.wav,Actor_10,angry,normal
Actor_10/03-01-05-01-02-01-10.wav,Actor_10,angry,normal
Actor_10/03-01-05-01-02-02-10.wav,Actor_10,angry,normal
Actor_10/03-01-05-02-01-01-10.wav,Actor_10,angry,strong
Actor_10/03-01-05-02-01-02-10.wav,Actor_10,angry,strong
Actor_10/03-01-05-02-02-01-10.wav,Actor_10,angry,strong
Actor_10/03-01-05-02-02-02-10.wav,Actor_10,angry,strong
Actor_10/03-01-06-01-01-01-10.wav,Actor_10,fearful,normal
Actor_10/03-01-06-01-01-02-10.wav,Actor_10,fearful,normal
Actor_10/03-01-06-01-02-01-10.wav,Actor_10,fearful,normal
Actor_10/03-01-06-01-02-02-10.wav,Actor_10,fearful,normal
Actor_10/03-01-06-02-01-01-10.wav,Actor_10,fearful,strong
Actor_10/03-01-06-02-01-02-10.wav,Actor_10,fearful,strong
Actor_10/03-01-06-02-02-01-10.wav,Actor_10,fearful,strong
Actor_10/03-01-06-02-02-02-10.wav,Actor_10,fearful,strong
Actor_10/03-01-07-01-01-01-10.wav,Actor_10,disgust,normal
Actor_10/03-01-07-01-01-02-10.wav,Actor_10,disgust,normal
Actor_10/03-01-07-01-02-01-10.wav,Actor_10,disgust,normal
Actor_10/03-01-07-01-02-02-10.wav,Actor_10,disgust,normal
Actor_10/03-01-07-02-01-01-10.wav,Actor_10,disgust,strong
Actor_10/03-01-07-02-01-02-10.wav,Actor_10,disgust,strong
Actor_10/03-01-07-02-02-01-10.wav,Actor_10,disgust,strong
Actor_10/03-01-07-02-02-02-10.wav,Actor_10,disgust,strong
Actor_10/03-01-08-01-01-01-10.wav,Actor_10,surprised,normal
Actor_10/03-01-08-01-01-02-10.wav,Actor_10,surprised,normal
Actor_10/03-01-08-01-02-01-10.wav,Actor_10,surprised,normal
Actor_10/03-01-08-01-02-02-10.wav,Actor_10,surprised,normal
Actor_10/03-01-08-02-01-01-10.wav,Actor_10,surprised,strong
Actor_10/03-01-08-02-01-02-10.wav,Actor_10,surprised,strong
Actor_10/03-01-08-02-02-01-10.wav,Actor_10,surprised,strong
Actor_10/03-01-08-02-02-02-10.wav,Actor_10,surprised,strong
Actor_11/03-01-01-01-01-01-11.wav,Actor_11,neutral,normal
Actor_11/03-01-01-01-01-02-11.wav,Actor_11,neutral,normal
Actor_11/03-01-01-01-02-01-11.wav,Actor_11,neutral,normal
Actor_11/03-01-01-01-02-02-11.wav,Actor_11,neutral,normal
Actor_11/03-01-02-01-01-01-11.wav,Actor_11,calm,normal
Actor_11/03-01-02-01-01-02-11.wav,Actor_11,calm,normal
Actor_11/03-01-02-01-02-01-11.wav,Actor_11,calm,normal
Actor_11/03-01-02-01-02-02-11.wav,Actor_11,calm,normal
Actor_11/03-01-02-02-01-01-11.wav,Actor_11,calm,strong
Actor_11/03-01-02-02-01-02-11.wav,Actor_11,calm,strong
Actor_11/03-01-02-02-02-01-11.wav,Actor_11,calm,strong
Actor_11/03-01-02-02-02-02-11.wav,Actor_11,calm,strong
Actor_11/03-01-03-01-01-01-11.wav,Actor_11,happy,normal
Actor_11/03-01-03-01-01-02-11.wav,Actor_11,happy,normal
Actor_11/03-01-03-01-02-01-11.wav,Actor_11,happy,normal
Actor_11/03-01-03-01-02-02-11.wav,Actor_11,happy,normal
Actor_11/03-01-03-02-01-01-11.wav,Actor_11,happy,strong
Actor_11/03-01-03-02-01-02-11.wav,Actor_11,happy,strong
Actor_11/03-01-03-02-02-01-11.wav,Actor_11,happy,strong
Actor_11/03-01-03-02-02-02-11.wav,Actor_11,happy,strong
Actor_11/03-01-04-01-01-01-11.wav,Actor_11,sad,normal
Actor_11/03-01-04-01-01-02-11.wav,Actor_11,sad,normal
Actor_11/03-01-04-01-02-01-11.wav,Actor_11,sad,normal
Actor_11/03-01-04-01-02-02-11.wav,Actor_11,sad,normal
Actor_11/03-01-04-02-01-01-11.wav,Actor_11,sad,strong
Actor_11/03-01-04-02-01-02-11.wav,Actor_11,sad,strong
Actor_11/03-01-04-02-02-01-11.wav,Actor_11,sad,strong
Actor_11/03-01-04-02-02-02-11.wav,Actor_11,sad,strong
Actor_11/03-01-05-01-01-01-11.wav,Actor_11,angry,normal
Actor_11/03-01-05-01-01-02-11.wav,Actor_11,angry,normal
Actor_11/03-01-05-01-02-01-11.wav,Actor_11,angry,normal
Actor_11/03-01-05-01-02-02-11.wav,Actor_11,angry,normal
Actor_11/03-01-05-02-01-01-11.wav,Actor_11,angry,strong
Actor_11/03-01-05-02-01-02-11.wav,Actor_11,angry,strong
Actor_11/03-01-05-02-02-01-11.wav,Actor_11,angry,strong
Actor_11/03-01-05-02-02-02-11.wav,Actor_11,angry,strong
Actor_11/03-01-06-01-01-01-11.wav,Actor_11,fearful,normal
Actor_11/03-01-06-01-01-02-11.wav,Actor_11,fearful,normal
Actor_11/03-01-06-01-02-01-11.wav,Actor_11,fearful,normal
Actor_11/03-01-06-01-02-02-11.wav,Actor_11,fearful,normal
Actor_11/03-01-06-02-01-01-11.wav,Actor_11,fearful,strong
Actor_11/03-01-06-02-01-02-11.wav,Actor_11,fearful,strong
Actor_11/03-01-06-02-02-01-11.wav,Actor_11,fearful,strong
Actor_11/03-01-06-02-02-02-11.wav,Actor_11,fearful,strong
Actor_11/03-01-07-01-01-01-11.wav,Actor_11,disgust,normal
Actor_11/03-01-07-01-01-02-11.wav,Actor_11,disgust,normal
Actor_11/03-01-07-01-02-01-11.wav,Actor_11,disgust,normal
Actor_11/03-01-07-01-02-02-11.wav,Actor_11,disgust,normal
Actor_11/03-01-07-02-01-01-11.wav,Actor_11,disgust,strong
Actor_11/03-01-07-02-01-02-11.wav,Actor_11,disgust,strong
Actor_11/03-01-07-02-02-01-11.wav,Actor_11,disgust,strong
Actor_11/03-01-07-02-02-02-11.wav,Actor_11,disgust,strong
Actor_11/03-01-08-01-01-01-11.wav,Actor_11,surprised,normal
Actor_11/03-01-08-01-01-02-11.wav,Actor_11,surprised,normal
Actor_11/03-01-08-01-02-01-11.wav,Actor_11,surprised,normal
Actor_11/03-01-08-01-02-02-11.wav,Actor_11,surprised,normal
Actor_11/03-01-08-02-01-01-11.wav,Actor_11,surprised,strong
Actor_11/03-01-08-02-01-02-11.wav,Actor_11,surprised,strong
Actor_11/03-01-08-02-02-01-11.wav,Actor_11,surprised,strong
Actor_11/03-01-08-02-02-02-11.wav,Actor_11,surprised,strong
Actor_12/03-01-01-01-01-01-12.wav,Actor_12,neutral,normal
Actor_12/03-01-01-01-01-02-12.wav,Actor_12,neutral,normal
Actor_12/03-01-01-01-02-01-12.wav,Actor_12,neutral,normal
Actor_12/03-01-01-01-02-02-12.wav,Actor_12,neutral,normal
Actor_12/03-01-02-01-01-01-12.wav,Actor_12,calm,normal
Actor_12/03-01-02-01-01-02-12.wav,Actor_12,calm,normal
Actor_12/03-01-02-01-02-01-12.wav,Actor_12,calm,normal
Actor_12/03-01-02-01-02-02-12.wav,Actor_12,calm,normal
Actor_12/03-01-02-02-01-01-12.wav,Actor_12,calm,strong
Actor_12/03-01-02-02-01-02-12.wav,Actor_12,calm,strong
Actor_12/03-01-02-02-02-01-12.wav,Actor_12,calm,strong
Actor_12/03-01-02-02-02-02-12.wav,Actor_12,calm,strong
Actor_12/03-01-03-01-01-01-12.wav,Actor_12,happy,normal
Actor_12/03-01-03-01-01-02-12.wav,Actor_12,happy,normal
Actor_12/03-01-03-01-02-01-12.wav,Actor_12,happy,normal
Actor_12/03-01-03-01-02-02-12.wav,Actor_12,happy,normal
Actor_12/03-01-03-02-01-01-12.wav,Actor_12,happy,strong
Actor_12/03-01-03-02-01-02-12.wav,Actor_12,happy,strong
Actor_12/03-01-03-02-02-01-12.wav,Actor_12,happy,strong
Actor_12/03-01-03-02-02-02-12.wav,Actor_12,happy,strong
Actor_12/03-01-04-01-01-01-12.wav,Actor_12,sad,normal
Actor_12/03-01-04-01-01-02-12.wav,Actor_12,sad,normal
Actor_12/03-01-04-01-02-01-12.wav,Actor_12,sad,normal
Actor_12/03-01-04-01-02-02-12.wav,Actor_12,sad,normal
Actor_12/03-01-04-02-01-01-12.wav,Actor_12,sad,strong
Actor_12/03-01-04-02-01-02-12.wav,Actor_12,sad,strong
Actor_12/03-01-04-02-02-01-12.wav,Actor_12,sad,strong
Actor_12/03-01-04-02-02-02-12.wav,Actor_12,sad,strong
Actor_12/03-01-05-01-01-01-12.wav,Actor_12,angry,normal
Actor_12/03-01-05-01-01-02-12.wav,Actor_12,angry,normal
Actor_12/03-01-05-01-02-01-12.wav,Actor_12,angry,normal
Actor_12/03-01-05-01-02-02-12.wav,Actor_12,angry,normal
Actor_12/03-01-05-02-01-01-12.wav,Actor_12,angry,strong
Actor_12/03-01-05-02-01-02-12.wav,Actor_12,angry,strong
Actor_12/03-01-05-02-02-01-12.wav,Actor_12,angry,strong
Actor_12/03-01-05-02-02-02-12.wav,Actor_12,angry,strong
Actor_12/03-01-06-01-01-01-12.wav,Actor_12,fearful,normal
Actor_12/03-01-06-01-01-02-12.wav,Actor_12,fearful,normal
Actor_12/03-01-06-01-02-01-12.wav,Actor_12,fearful,normal
Actor_12/03-01-06-01-02-02-12.wav,Actor_12,fearful,normal
Actor_12/03-01-06-02-01-01-12.wav,Actor_12,fearful,strong
Actor_12/03-01-06-02-01-02-12.wav,Actor_12,fearful,strong
Actor_12/03-01-06-02-02-01-12.wav,Actor_12,fearful,strong
Actor_12/03-01-06-02-02-02-12.wav,Actor_12,fearful,strong
Actor_12/03-01-07-01-01-01-12.wav,Actor_12,disgust,normal
Actor_12/03-01-07-01-01-02-12.wav,Actor_12,disgust,normal
Actor_12/03-01-07-01-02-01-12.wav,Actor_12,disgust,normal
Actor_12/03-01-07-01-02-02-12.wav,Actor_12,disgust,normal
Actor_12/03-01-07-02-01-01-12.wav,Actor_12,disgust,strong
Actor_12/03-01-07-02-01-02-12.wav,Actor_12,disgust,strong
Actor_12/03-01-07-02-02-01-12.wav,Actor_12,disgust,strong
Actor_12/03-01-07-02-02-02-12.wav,Actor_12,disgust,strong
Actor_12/03-01-08-01-01-01-12.wav,Actor_12,surprised,normal
Actor_12/03-01-08-01-01-02-12.wav,Actor_12,surprised,normal
Actor_12/03-01-08-01-02-01-12.wav,Actor_12,surprised,normal
Actor_12/03-01-08-01-02-02-12.wav,Actor_12,surprised,normal
Actor_12/03-01-08-02-01-01-12.wav,Actor_12,surprised,strong
Actor_12/03-01-08-02-01-02-12.wav,Actor_12,surprised,strong
Actor_12/03-01-08-02-02-01-12.wav,Actor_12,surprised,strong
Actor_12/03-01-08-02-02-02-12.wav,Actor_12,surprised,strong
Actor_13/03-01-01-01-01-01-13.wav,Actor_13,neutral,normal
Actor_13/03-01-01-01-01-02-13.wav,Actor_13,neutral,normal
Actor_13/03-01-01-01-02-01-13.wav,Actor_13,neutral,normal
Actor_13/03-01-01-01-02-02-13.wav,Actor_13,neutral,normal
Actor_13/03-01-02-01-01-01-13.wav,Actor_13,calm,normal
Actor_13/03-01-02-01-01-02-13.wav,Actor_13,calm,normal
Actor_13/03-01-02-01-02-01-13.wav,Actor_13,calm,normal
Actor_13/03-01-02-01-02-02-13.wav,Actor_13,calm,normal
Actor_13/03-01-02-02-01-01-13.wav,Actor_13,calm,strong
Actor_13/03-01-02-02-01-02-13.wav,Actor_13,calm,strong
Actor_13/03-01-02-02-02-01-13.wav,Actor_13,calm,strong
Actor_13/03-01-02-02-02-02-13.wav,Actor_13,calm,strong
Actor_13/03-01-03-01-01-01-13.wav,Actor_13,happy,normal
Actor_13/03-01-03-01-01-02-13.wav,Actor_13,happy,normal
Actor_13/03-01-03-01-02-01-13.wav,Actor_13,happy,normal
Actor_13/03-01-03-01-02-02-13.wav,Actor_13,happy,normal
Actor_13/03-01-03-02-01-01-13.wav,Actor_13,happy,strong
Actor_13/03-01-03-02-01-02-13.wav,Actor_13,happy,strong
Actor_13/03-01-03-02-02-01-13.wav,Actor_13,happy,strong
Actor_13/03-01-03-02-02-02-13.wav,Actor_13,happy,strong
Actor_13/03-01-04-01-01-01-13.wav,Actor_13,sad,normal
Actor_13/03-01-04-01-01-02-13.wav,Actor_13,sad,normal
Actor_13/03-01-04-01-02-01-13.wav,Actor_13,sad,normal
Actor_13/03-01-04-01-02-02-13.wav,Actor_13,sad,normal
Actor_13/03-01-04-02-01-01-13.wav,Actor_13,sad,strong
Actor_13/03-01-04-02-01-02-13.wav,Actor_13,sad,strong
Actor_13/03-01-04-02-02-01-13.wav,Actor_13,sad,strong
Actor_13/03-01-04-02-02-02-13.wav,Actor_13,sad,strong
Actor_13/03-01-05-01-01-01-13.wav,Actor_13,angry,normal
Actor_13/03-01-05-01-01-02-13.wav,Actor_13,angry,normal
Actor_13/03-01-05-01-02-01-13.wav,Actor_13,angry,normal
Actor_13/03-01-05-01-02-02-13.wav,Actor_13,angry,normal
Actor_13/03-01-05-02-01-01-13.wav,Actor_13,angry,strong
Actor_13/03-01-05-02-01-02-13.wav,Actor_13,angry,strong
Actor_13/03-01-05-02-02-01-13.wav,Actor_13,angry,strong
Actor_13/03-01-05-02-02-02-13.wav,Actor_13,angry,strong
Actor_13/03-01-06-01-01-01-13.wav,Actor_13,fearful,normal
Actor_13/03-01-06-01-01-02-13.wav,Actor_13,fearful,normal
Actor_13/03-01-06-01-02-01-13.wav,Actor_13,fearful,normal
Actor_13/03-01-06-01-02-02-13.wav,Actor_13,fearful,normal
Actor_13/03-01-06-02-01-01-13.wav,Actor_13,fearful,strong
Actor_13/03-01-06-02-01-02-13.wav,Actor_13,fearful,strong
Actor_13/03-01-06-02-02-01-13.wav,Actor_13,fearful,strong
Actor_13/03-01-06-02-02-02-13.wav,Actor_13,fearful,strong
Actor_13/03-01-07-01-01-01-13.wav,Actor_13,disgust,normal
Actor_13/03-01-07-01-01-02-13.wav,Actor_13,disgust,normal
Actor_13/03-01-07-01-02-01-13.wav,Actor_13,disgust,normal
Actor_13/03-01-07-01-02-02-13.wav,Actor_13,disgust,normal
Actor_13/03-01-07-02-01-01-13.wav,Actor_13,disgust,strong
Actor_13/03-01-07-02-01-02-13.wav,Actor_13,disgust,strong
Actor_13/03-01-07-02-02-01-13.wav,Actor_13,disgust,strong
Actor_13/03-01-07-02-02-02-13.wav,Actor_13,disgust,strong
Actor_13/03-01-08-01-01-01-13.wav,Actor_13,surprised,normal
Actor_13/03-01-08-01-01-02-13.wav,Actor_13,surprised,normal
Actor_13/03-01-08-01-02-01-13.wav,Actor_13,surprised,normal
Actor_13/03-01-08-01-02-02-13.wav,Actor_13,surprised,normal
Actor_13/03-01-08-02-01-01-13.wav,Actor_13,surprised,strong
Actor_13/03-01-08-02-01-02-13.wav,Actor_13,surprised,strong
Actor_13/03-01-08-02-02-01-13.wav,Actor_13,surprised,strong
Actor_13/03-01-08-02-02-02-13.wav,Actor_13,surprised,strong
Actor_14/03-01-01-01-01-01-14.wav,Actor_14,neutral,normal
Actor_14/03-01-01-01-01-02-14.wav,Actor_14,neutral,normal
Actor_14/03-01-01-01-02-01-14.wav,Actor_14,neutral,normal
Actor_14/03-01-01-01-02-02-14.wav,Actor_14,neutral,normal
Actor_14/03-01-02-01-01-01-14.wav,Actor_14,calm,normal
Actor_14/03-01-02-01-01-02-14.wav,Actor_14,calm,normal
Actor_14/03-01-02-01-02-01-14.wav,Actor_14,calm,normal
Actor_14/03-01-02-01-02-02-14.wav,Actor_14,calm,normal
Actor_14/03-01-02-02-01-01-14.wav,Actor_14,calm,strong
Actor_14/03-01-02-02-01-02-14.wav,Actor_14,calm,strong
Actor_14/03-01-02-02-02-01-14.wav,Actor_14,calm,strong
Actor_14/03-01-02-02-02-02-14.wav,Actor_14,calm,strong
Actor_14/03-01-03-01-01-01-14.wav,Actor_14,happy,normal
Actor_14/03-01-03-01-01-02-14.wav,Actor_14,happy,normal
Actor_14/03-01-03-01-02-01-14.wav,Actor_14,happy,normal
Actor_14/03-01-03-01-02-02-14.wav,Actor_14,happy,normal
Actor_14/03-01-03-02-01-01-14.wav,Actor_14,happy,strong
Actor_14/03-01-03-02-01-02-14.wav,Actor_14,happy,strong
Actor_14/03-01-03-02-02-01-14.wav,Actor_14,happy,strong
Actor_14/03-01-03-02-02-02-14.wav,Actor_14,happy,strong
Actor_14/03-01-04-01-01-01-14.wav,Actor_14,sad,normal
Actor_14/03-01-04-01-01-02-14.wav,Actor_14,sad,normal
Actor_14/03-01-04-01-02-01-14.wav,Actor_14,sad,normal
Actor_14/03-01-04-01-02-02-14.wav,Actor_14,sad,normal
Actor_14/03-01-04-02-01-01-14.wav,Actor_14,sad,strong
Actor_14/03-01-04-02-01-02-14.wav,Actor_14,sad,strong
Actor_14/03-01-04-02-02-01-14.wav,Actor_14,sad,strong
Actor_14/03-01-04-02-02-02-14.wav,Actor_14,sad,strong
Actor_14/03-01-05-01-01-01-14.wav,Actor_14,angry,normal
Actor_14/03-01-05-01-01-02-14.wav,Actor_14,angry,normal
Actor_14/03-01-05-01-02-01-14.wav,Actor_14,angry,normal
Actor_14/03-01-05-01-02-02-14.wav,Actor_14,angry,normal
Actor_14/03-01-05-02-01-01-14.wav,Actor_14,angry,strong
Actor_14/03-01-05-02-01-02-14.wav,Actor_14,angry,strong
Actor_14/03-01-05-02-02-01-14.wav,Actor_14,angry,strong
Actor_14/03-01-05-02-02-02-14.wav,Actor_14,angry,strong
Actor_14/03-01-06-01-01-01-14.wav,Actor_14,fearful,normal
Actor_14/03-01-06-01-01-02-14.wav,Actor_14,fearful,normal
Actor_14/03-01-06-01-02-01-14.wav,Actor_14,fearful,normal
Actor_14/03-01-06-01-02-02-14.wav,Actor_14,fearful,normal
Actor_14/03-01-06-02-01-01-14.wav,Actor_14,fearful,strong
Actor_14/03-01-06-02-01-02-14.wav,Actor_14,fearful,strong
Actor_14/03-01-06-02-02-01-14.wav,Actor_14,fearful,strong
Actor_14/03-01-06-02-02-02-14.wav,Actor_14,fearful,strong
Actor_14/03-01-07-01-01-01-14.wav,Actor_14,disgust,normal
Actor_14/03-01-07-01-01-02-14.wav,Actor_14,disgust,normal
Actor_14/03-01-07-01-02-01-14.wav,Actor_14,disgust,normal
Actor_14/03-01-07-01-02-02-14.wav,Actor_14,disgust,normal
Actor_14/03-01-07-02-01-01-14.wav,Actor_14,disgust,strong
Actor_14/03-01-07-02-01-02-14.wav,Actor_14,disgust,strong
Actor_14/03-01-07-02-02-01-14.wav,Actor_14,disgust,strong
Actor_14/03-01-07-02-02-02-14.wav,Actor_14,disgust,strong
Actor_14/03-01-08-01-01-01-14.wav,Actor_14,surprised,normal
Actor_14/03-01-08-01-01-02-14.wav,Actor_14,surprised,normal
Actor_14/03-01-08-01-02-01-14.wav,Actor_14,surprised,normal
Actor_14/03-01-08-01-02-02-14.wav,Actor_14,surprised,normal
Actor_14/03-01-08-02-01-01-14.wav,Actor_14,surprised,strong
Actor_14/03-01-08-02-01-02-14.wav,Actor_14,surprised,strong
Actor_14/03-01-08-02-02-01-14.wav,Actor_14,surprised,strong
Actor_14/03-01-08-02-02-02-14.wav,Actor_14,surprised,strong
Actor_15/03-01-01-01-01-01-15.wav,Actor_15,neutral,normal
Actor_15/03-01-01-01-01-02-15.wav,Actor_15,neutral,normal
Actor_15/03-01-01-01-02-01-15.wav,Actor_15,neutral,normal
Actor_15/03-01-01-01-02-02-15.wav,Actor_15,neutral,normal
Actor_15/03-01-02-01-01-01-15.wav,Actor_15,calm,normal
Actor_15/03-01-02-01-01-02-15.wav,Actor_15,calm,normal
Actor_15/03-01-02-01-02-01-15.wav,Actor_15,calm,normal
Actor_15/03-01-02-01-02-02-15.wav,Actor_15,calm,normal
Actor_15/03-01-02-02-01-01-15.wav,Actor_15,calm,strong
Actor_15/03-01-02-02-01-02-15.wav,Actor_15,calm,strong
Actor_15/03-01-02-02-02-01-15.wav,Actor_15,calm,strong
Actor_15/03-01-02-02-02-02-15.wav,Actor_15,calm,strong
Actor_15/03-01-03-01-01-01-15.wav,Actor_15,happy,normal
Actor_15/03-01-03-01-01-02-15.wav,Actor_15,happy,normal
Actor_15/03-01-03-01-02-01-15.wav,Actor_15,happy,normal
Actor_15/03-01-03-01-02-02-15.wav,Actor_15,happy,normal
Actor_15/03-01-03-02-01-01-15.wav,Actor_15,happy,strong
Actor_15/03-01-03-02-01-02-15.wav,Actor_15,happy,strong
Actor_15/03-01-03-02-02-01-15.wav,Actor_15,happy,strong
Actor_15/03-01-03-02-02-02-15.wav,Actor_15,happy,strong
Actor_15/03-01-04-01-01-01-15.wav,Actor_15,sad,normal
Actor_15/03-01-04-01-01-02-15.wav,Actor_15,sad,normal
Actor_15/03-01-04-01-02-01-15.wav,Actor_15,sad,normal
Actor_15/03-01-04-01-02-02-15.wav,Actor_15,sad,normal
Actor_15/03-01-04-02-01-01-15.wav,Actor_15,sad,strong
Actor_15/03-01-04-02-01-02-15.wav,Actor_15,sad,strong
Actor_15/03-01-04-02-02-01-15.wav,Actor_15,sad,strong
Actor_15/03-01-04-02-02-02-15.wav,Actor_15,sad,strong
Actor_15/03-01-05-01-01-01-15.wav,Actor_15,angry,normal
Actor_15/03-01-05-01-01-02-15.wav,Actor_15,angry,normal
Actor_15/03-01-05-01-02-01-15.wav,Actor_15,angry,normal
Actor_15/03-01-05-01-02-02-15.wav,Actor_15,angry,normal
Actor_15/03-01-05-02-01-01-15.wav,Actor_15,angry,strong
Actor_15/03-01-05-02-01-02-15.wav,Actor_15,angry,strong
Actor_15/03-01-05-02-02-01-15.wav,Actor_15,angry,strong
Actor_15/03-01-05-02-02-02-15.wav,Actor_15,angry,strong
Actor_15/03-01-06-01-01-01-15.wav,Actor_15,fearful,normal
Actor_15/03-01-06-01-01-02-15.wav,Actor_15,fearful,normal
Actor_15/03-01-06-01-02-01-15.wav,Actor_15,fearful,normal
Actor_15/03-01-06-01-02-02-15.wav,Actor_15,fearful,normal
Actor_15/03-01-06-02-01-01-15.wav,Actor_15,fearful,strong
Actor_15/03-01-06-02-01-02-15.wav,Actor_15,fearful,strong
Actor_15/03-01-06-02-02-01-15.wav,Actor_15,fearful,strong
Actor_15/03-01-06-02-02-02-15.wav,Actor_15,fearful,strong
Actor_15/03-01-07-01-01-01-15.wav,Actor_15,disgust,normal
Actor_15/03-01-07-01-01-02-15.wav,Actor_15,disgust,normal
Actor_15/03-01-07-01-02-01-15.wav,Actor_15,disgust,normal
Actor_15/03-01-07-01-02-02-15.wav,Actor_15,disgust,normal
Actor_15/03-01-07-02-01-01-15.wav,Actor_15,disgust,strong
Actor_15/03-01-07-02-01-02-15.wav,Actor_15,disgust,strong
Actor_15/03-01-07-02-02-01-15.wav,Actor_15,disgust,strong
Actor_15/03-01-07-02-02-02-15.wav,Actor_15,disgust,strong
Actor_15/03-01-08-01-01-01-15.wav,Actor_15,surprised,normal
Actor_15/03-01-08-01-01-02-15.wav,Actor_15,surprised,normal
Actor_15/03-01-08-01-02-01-15.wav,Actor_15,surprised,normal
Actor_15/03-01-08-01-02-02-15.wav,Actor_15,surprised,normal
Actor_15/03-01-08-02-01-01-15.wav,Actor_15,surprised,strong
Actor_15/03-01-08-02-01-02-15.wav,Actor_15,surprised,strong
Actor_15/03-01-08-02-02-01-15.wav,Actor_15,surprised,strong
Actor_15/03-01-08-02-02-02-15.wav,Actor_15,surprised,strong
Actor_16/03-01-01-01-01-01-16.wav,Actor_16,neutral,normal
Actor_16/03-01-01-01-01-02-16.wav,Actor_16,neutral,normal
Actor_16/03-01-01-01-02-01-16.wav,Actor_16,neutral,normal
Actor_16/03-01-01-01-02-02-16.wav,Actor_16,neutral,normal
Actor_16/03-01-02-01-01-01-16.wav,Actor_16,calm,normal
Actor_16/03-01-02-01-01-02-16.wav,Actor_16,calm,normal
Actor_16/03-01-02-01-02-01-16.wav,Actor_16,calm,normal
Actor_16/03-01-02-01-02-02-16.wav,Actor_16,calm,normal
Actor_16/03-01-02-02-01-01-16.wav,Actor_16,calm,strong
Actor_16/03-01-02-02-01-02-16.wav,Actor_16,calm,strong
Actor_16/03-01-02-02-02-01-16.wav,Actor_16,calm,strong
Actor_16/03-01-02-02-02-02-16.wav,Actor_16,calm,strong
Actor_16/03-01-03-01-01-01-16.wav,Actor_16,happy,normal
Actor_16/03-01-03-01-01-02-16.wav,Actor_16,happy,normal
Actor_16/03-01-03-01-02-01-16.wav,Actor_16,happy,normal
Actor_16/03-01-03-01-02-02-16.wav,Actor_16,happy,normal
Actor_16/03-01-03-02-01-01-16.wav,Actor_16,happy,strong
Actor_16/03-01-03-02-01-02-16.wav,Actor_16,happy,strong
Actor_16/03-01-03-02-02-01-16.wav,Actor_16,happy,strong
Actor_16/03-01-03-02-02-02-16.wav,Actor_16,happy,strong
Actor_16/03-01-04-01-01-01-16.wav,Actor_16,sad,normal
Actor_16/03-01-04-01-01-02-16.wav,Actor_16,sad,normal
Actor_16/03-01-04-01-02-01-16.wav,Actor_16,sad,normal
Actor_16/03-01-04-01-02-02-16.wav,Actor_16,sad,normal
Actor_16/03-01-04-02-01-01-16.wav,Actor_16,sad,strong
Actor_16/03-01-04-02-01-02-16.wav,Actor_16,sad,strong
Actor_16/03-01-04-02-02-01-16.wav,Actor_16,sad,strong
Actor_16/03-01-04-02-02-02-16.wav,Actor_16,sad,strong
Actor_16/03-01-05-01-01-01-16.wav,Actor_16,angry,normal
Actor_16/03-01-05-01-01-02-16.wav,Actor_16,angry,normal
Actor_16/03-01-05-01-02-01-16.wav,Actor_16,angry,normal
Actor_16/03-01-05-01-02-02-16.wav,Actor_16,angry,normal
Actor_16/03-01-05-02-01-01-16.wav,Actor_16,angry,strong
Actor_16/03-01-05-02-01-02-16.wav,Actor_16,angry,strong
Actor_16/03-01-05-02-02-01-16.wav,Actor_16,angry,strong
Actor_16/03-01-05-02-02-02-16.wav,Actor_16,angry,strong
Actor_16/03-01-06-01-01-01-16.wav,Actor_16,fearful,normal
Actor_16/03-01-06-01-01-02-16.wav,Actor_16,fearful,normal
Actor_16/03-01-06-01-02-01-16.wav,Actor_16,fearful,normal
Actor_16/03-01-06-01-02-02-16.wav,Actor_16,fearful,normal
Actor_16/03-01-06-02-01-01-16.wav,Actor_16,fearful,strong
Actor_16/03-01-06-02-01-02-16.wav,Actor_16,fearful,strong
Actor_16/03-01-06-02-02-01-16.wav,Actor_16,fearful,strong
Actor_16/03-01-06-02-02-02-16.wav,Actor_16,fearful,strong
Actor_16/03-01-07-01-01-01-16.wav,Actor_16,disgust,normal
Actor_16/03-01-07-01-01-02-16.wav,Actor_16,disgust,normal
Actor_16/03-01-07-01-02-01-16.wav,Actor_16,disgust,normal
Actor_16/03-01-07-01-02-02-16.wav,Actor_16,disgust,normal
Actor_16/03-01-07-02-01-01-16.wav,Actor_16,disgust,strong
Actor_16/03-01-07-02-01-02-16.wav,Actor_16,disgust,strong
Actor_16/03-01-07-02-02-01-16.wav,Actor_16,disgust,strong
Actor_16/03-01-07-02-02-02-16.wav,Actor_16,disgust,strong
Actor_16/03-01-08-01-01-01-16.wav,Actor_16,surprised,normal
Actor_16/03-01-08-01-01-02-16.wav,Actor_16,surprised,normal
Actor_16/03-01-08-01-02-01-16.wav,Actor_16,surprised,normal
Actor_16/03-01-08-01-02-02-16.wav,Actor_16,surprised,normal
Actor_16/03-01-08-02-01-01-16.wav,Actor_16,surprised,strong
Actor_16/03-01-08-02-01-02-16.wav,Actor_16,surprised,strong
Actor_16/03-01-08-02-02-01-16.wav,Actor_16,surprised,strong
Actor_16/03-01-08-02-02-02-16.wav,Actor_16,surprised,strong
Actor_17/03-01-01-01-01-01-17.wav,Actor_17,neutral,normal
Actor_17/03-01-01-01-01-02-17.wav,Actor_17,neutral,normal
Actor_17/03-01-01-01-02-01-17.wav,Actor_17,neutral,normal
Actor_17/03-01-01-01-02-02-17.wav,Actor_17,neutral,normal
Actor_17/03-01-02-01-01-01-17.wav,Actor_17,calm,normal
Actor_17/03-01-02-01-01-02-17.wav,Actor_17,calm,normal
Actor_17/03-01-02-01-02-01-17.wav,Actor_17,calm,normal
Actor_17/03-01-02-01-02-02-17.wav,Actor_17,calm,normal
Actor_17/03-01-02-02-01-01-17.wav,Actor_17,calm,strong
Actor_17/03-01-02-02-01-02-17.wav,Actor_17,calm,strong
Actor_17/03-01-02-02-02-01-17.wav,Actor_17,calm,strong
Actor_17/03-01-02-02-02-02-17.wav,Actor_17,calm,strong
Actor_17/03-01-03-01-01-01-17.wav,Actor_17,happy,normal
Actor_17/03-01-03-01-01-02-17.wav,Actor_17,happy,normal
Actor_17/03-01-03-01-02-01-17.wav,Actor_17,happy,normal
Actor_17/03-01-03-01-02-02-17.wav,Actor_17,happy,normal
Actor_17/03-01-03-02-01-01-17.wav,Actor_17,happy,strong
Actor_17/03-01-03-02-01-02-17.wav,Actor_17,happy,strong
Actor_17/03-01-03-02-02-01-17.wav,Actor_17,happy,strong
Actor_17/03-01-03-02-02-02-17.wav,Actor_17,happy,strong
Actor_17/03-01-04-01-01-01-17.wav,Actor_17,sad,normal
Actor_17/03-01-04-01-01-02-17.wav,Actor_17,sad,normal
Actor_17/03-01-04-01-02-01-17.wav,Actor_17,sad,normal
Actor_17/03-01-04-01-02-02-17.wav,Actor_17,sad,normal
Actor_17/03-01-04-02-01-01-17.wav,Actor_17,sad,strong
Actor_17/03-01-04-02-01-02-17.wav,Actor_17,sad,strong
Actor_17/03-01-04-02-02-01-17.wav,Actor_17,sad,strong
Actor_17/03-01-04-02-02-02-17.wav,Actor_17,sad,strong
Actor_17/03-01-05-01-01-01-17.wav,Actor_17,angry,normal
Actor_17/03-01-05-01-01-02-17.wav,Actor_17,angry,normal
Actor_17/03-01-05-01-02-01-17.wav,Actor_17,angry,normal
Actor_17/03-01-05-01-02-02-17.wav,Actor_17,angry,normal
Actor_17/03-01-05-02-01-01-17.wav,Actor_17,angry,strong
Actor_17/03-01-05-02-01-02-17.wav,Actor_17,angry,strong
Actor_17/03-01-05-02-02-01-17.wav,Actor_17,angry,strong
Actor_17/03-01-05-02-02-02-17.wav,Actor_17,angry,strong
Actor_17/03-01-06-01-01-01-17.wav,Actor_17,fearful,normal
Actor_17/03-01-06-01-01-02-17.wav,Actor_17,fearful,normal
Actor_17/03-01-06-01-02-01-17.wav,Actor_17,fearful,normal
Actor_17/03-01-06-01-02-02-17.wav,Actor_17,fearful,normal
Actor_17/03-01-06-02-01-01-17.wav,Actor_17,fearful,strong
Actor_17/03-01-06-02-01-02-17.wav,Actor_17,fearful,strong
Actor_17/03-01-06-02-02-01-17.wav,Actor_17,fearful,strong
Actor_17/03-01-06-02-02-02-17.wav,Actor_17,fearful,strong
Actor_17/03-01-07-01-01-01-17.wav,Actor_17,disgust,normal
Actor_17/03-01-07-01-01-02-17.wav,Actor_17,disgust,normal
Actor_17/03-01-07-01-02-01-17.wav,Actor_17,disgust,normal
Actor_17/03-01-07-01-02-02-17.wav,Actor_17,disgust,normal
Actor_17/03-01-07-02-01-01-17.wav,Actor_17,disgust,strong
Actor_17/03-01-07-02-01-02-17.wav,Actor_17,disgust,strong
Actor_17/03-01-07-02-02-01-17.wav,Actor_17,disgust,strong
Actor_17/03-01-07-02-02-02-17.wav,Actor_17,disgust,strong
Actor_17/03-01-08-01-01-01-17.wav,Actor_17,surprised,normal
Actor_17/03-01-08-01-01-02-17.wav,Actor_17,surprised,normal
Actor_17/03-01-08-01-02-01-17.wav,Actor_17,surprised,normal
Actor_17/03-01-08-01-02-02-17.wav,Actor_17,surprised,normal
Actor_17/03-01-08-02-01-01-17.wav,Actor_17,surprised,strong
Actor_17/03-01-08-02-01-02-17.wav,Actor_17,surprised,strong
Actor_17/03-01-08-02-02-01-17.wav,Actor_17,surprised,strong
Actor_17/03-01-08-02-02-02-17.wav,Actor_17,surprised,strong
Actor_18/03-01-01-01-01-01-18.wav,Actor_18,neutral,normal
Actor_18/03-01-01-01-01-02-18.wav,Actor_18,neutral,normal
Actor_18/03-01-01-01-02-01-18.wav,Actor_18,neutral,normal
Actor_18/03-01-01-01-02-02-18.wav,Actor_18,neutral,normal
Actor_18/03-01-02-01-01-01-18.wav,Actor_18,calm,normal
Actor_18/03-01-02-01-01-02-18.wav,Actor_18,calm,normal
Actor_18/03-01-02-01-02-01-18.wav,Actor_18,calm,normal
Actor_18/03-01-02-01-02-02-18.wav,Actor_18,calm,normal
Actor_18/03-01-02-02-01-01-18.wav,Actor_18,calm,strong
Actor_18/03-01-02-02-01-02-18.wav,Actor_18,calm,strong
Actor_18/03-01-02-02-02-01-18.wav,Actor_18,calm,strong
Actor_18/03-01-02-02-02-02-18.wav,Actor_18,calm,strong
Actor_18/03-01-03-01-01-01-18.wav,Actor_18,happy,normal
Actor_18/03-01-03-01-01-02-18.wav,Actor_18,happy,normal
Actor_18/03-01-03-01-02-01-18.wav,Actor_18,happy,normal
Actor_18/03-01-03-01-02-02-18.wav,Actor_18,happy,normal
Actor_18/03-01-03-02-01-01-18.wav,Actor_18,happy,strong
Actor_18/03-01-03-02-01-02-18.wav,Actor_18,happy,strong
Actor_18/03-01-03-02-02-01-18.wav,Actor_18,happy,strong
Actor_18/03-01-03-02-02-02-18.wav,Actor_18,happy,strong
Actor_18/03-01-04-01-01-01-18.wav,Actor_18,sad,normal
Actor_18/03-01-04-01-01-02-18.wav,Actor_18,sad,normal
Actor_18/03-01-04-01-02-01-18.wav,Actor_18,sad,normal
Actor_18/03-01-04-01-02-02-18.wav,Actor_18,sad,normal
Actor_18/03-01-04-02-01-01-18.wav,Actor_18,sad,strong
Actor_18/03-01-04-02-01-02-18.wav,Actor_18,sad,strong
Actor_18/03-01-04-02-02-01-18.wav,Actor_18,sad,strong
Actor_18/03-01-04-02-02-02-18.wav,Actor_18,sad,strong
Actor_18/03-01-05-01-01-01-18.wav,Actor_18,angry,normal
Actor_18/03-01-05-01-01-02-18.wav,Actor_18,angry,normal
Actor_18/03-01-05-01-02-01-18.wav,Actor_18,angry,normal
Actor_18/03-01-05-01-02-02-18.wav,Actor_18,angry,normal
Actor_18/03-01-05-02-01-01-18.wav,Actor_18,angry,strong
Actor_18/03-01-05-02-01-02-18.wav,Actor_18,angry,strong
Actor_18/03-01-05-02-02-01-18.wav,Actor_18,angry,strong
Actor_18/03-01-05-02-02-02-18.wav,Actor_18,angry,strong
Actor_18/03-01-06-01-01-01-18.wav,Actor_18,fearful,normal
Actor_18/03-01-06-01-01-02-18.wav,Actor_18,fearful,normal
Actor_18/03-01-06-01-02-01-18.wav,Actor_18,fearful,normal
Actor_18/03-01-06-01-02-02-18.wav,Actor_18,fearful,normal
Actor_18/03-01-06-02-01-01-18.wav,Actor_18,fearful,strong
Actor_18/03-01-06-02-01-02-18.wav,Actor_18,fearful,strong
Actor_18/03-01-06-02-02-01-18.wav,Actor_18,fearful,strong
Actor_18/03-01-06-02-02-02-18.wav,Actor_18,fearful,strong
Actor_18/03-01-07-01-01-01-18.wav,Actor_18,disgust,normal
Actor_18/03-01-07-01-01-02-18.wav,Actor_18,disgust,normal
Actor_18/03-01-07-01-02-01-18.wav,Actor_18,disgust,normal
Actor_18/03-01-07-01-02-02-18.wav,Actor_18,disgust,normal
Actor_18/03-01-07-02-01-01-18.wav,Actor_18,disgust,strong
Actor_18/03-01-07-02-01-02-18.wav,Actor_18,disgust,strong
Actor_18/03-01-07-02-02-01-18.wav,Actor_18,disgust,strong
Actor_18/03-01-07-02-02-02-18.wav,Actor_18,disgust,strong
Actor_18/03-01-08-01-01-01-18.wav,Actor_18,surprised,normal
Actor_18/03-01-08-01-01-02-18.wav,Actor_18,surprised,normal
Actor_18/03-01-08-01-02-01-18.wav,Actor_18,surprised,normal
Actor_18/03-01-08-01-02-02-18.wav,Actor_18,surprised,normal
Actor_18/03-01-08-02-01-01-18.wav,Actor_18,surprised,strong
Actor_18/03-01-08-02-01-02-18.wav,Actor_18,surprised,strong
Actor_18/03-01-08-02-02-01-18.wav,Actor_18,surprised,strong
Actor_18/03-01-08-02-02-02-18.wav,Actor_18,surprised,strong
Actor_19/03-01-01-01-01-01-19.wav,Actor_19,neutral,normal
Actor_19/03-01-01-01-01-02-19.wav,Actor_19,neutral,normal
Actor_19/03-01-01-01-02-01-19.wav,Actor_19,neutral,normal
Actor_19/03-01-01-01-02-02-19.wav,Actor_19,neutral,normal
Actor_19/03-01-02-01-01-01-19.wav,Actor_19,calm,normal
Actor_19/03-01-02-01-01-02-19.wav,Actor_19,calm,normal
Actor_19/03-01-02-01-02-01-19.wav,Actor_19,calm,normal
Actor_19/03-01-02-01-02-02-19.wav,Actor_19,calm,normal
Actor_19/03-01-02-02-01-01-19.wav,Actor_19,calm,strong
Actor_19/03-01-02-02-01-02-19.wav,Actor_19,calm,strong
Actor_19/03-01-02-02-02-01-19.wav,Actor_19,calm,strong
Actor_19/03-01-02-02-02-02-19.wav,Actor_19,calm,strong
Actor_19/03-01-03-01-01-01-19.wav,Actor_19,happy,normal
Actor_19/03-01-03-01-01-02-19.wav,Actor_19,happy,normal
Actor_19/03-01-03-01-02-01-19.wav,Actor_19,happy,normal
Actor_19/03-01-03-01-02-02-19.wav,Actor_19,happy,normal
Actor_19/03-01-03-02-01-01-19.wav,Actor_19,happy,strong
Actor_19/03-01-03-02-01-02-19.wav,Actor_19,happy,strong
Actor_19/03-01-03-02-02-01-19.wav,Actor_19,happy,strong
Actor_19/03-01-03-02-02-02-19.wav,Actor_19,happy,strong
Actor_19/03-01-04-01-01-01-19.wav,Actor_19,sad,normal
Actor_19/03-01-04-01-01-02-19.wav,Actor_19,sad,normal
Actor_19/03-01-04-01-02-01-19.wav,Actor_19,sad,normal
Actor_19/03-01-04-01-02-02-19.wav,Actor_19,sad,normal
Actor_19/03-01-04-02-01-01-19.wav,Actor_19,sad,strong
Actor_19/03-01-04-02-01-02-19.wav,Actor_19,sad,strong
Actor_19/03-01-04-02-02-01-19.wav,Actor_19,sad,strong
Actor_19/03-01-04-02-02-02-19.wav,Actor_19,sad,strong
Actor_19/03-01-05-01-01-01-19.wav,Actor_19,angry,normal
Actor_19/03-01-05-01-01-02-19.wav,Actor_19,angry,normal
Actor_19/03-01-05-01-02-01-19.wav,Actor_19,angry,normal
Actor_19/03-01-05-01-02-02-19.wav,Actor_19,angry,normal
Actor_19/03-01-05-02-01-01-19.wav,Actor_19,angry,strong
Actor_19/03-01-05-02-01-02-19.wav,Actor_19,angry,strong
Actor_19/03-01-05-02-02-01-19.wav,Actor_19,angry,strong
Actor_19/03-01-05-02-02-02-19.wav,Actor_19,angry,strong
Actor_19/03-01-06-01-01-01-19.wav,Actor_19,fearful,normal
Actor_19/03-01-06-01-01-02-19.wav,Actor_19,fearful,normal
Actor_19/03-01-06-01-02-01-19.wav,Actor_19,fearful,normal
Actor_19/03-01-06-01-02-02-19.wav,Actor_19,fearful,normal
Actor_19/03-01-06-02-01-01-19.wav,Actor_19,fearful,strong
Actor_19/03-01-06-02-01-02-19.wav,Actor_19,fearful,strong
Actor_19/03-01-06-02-02-01-19.wav,Actor_19,fearful,strong
Actor_19/03-01-06-02-02-02-19.wav,Actor_19,fearful,strong
Actor_19/03-01-07-01-01-01-19.wav,Actor_19,disgust,normal
Actor_19/03-01-07-01-01-02-19.wav,Actor_19,disgust,normal
Actor_19/03-01-07-01-02-01-19.wav,Actor_19,disgust,normal
Actor_19/03-01-07-01-02-02-19.wav,Actor_19,disgust,normal
Actor_19/03-01-07-02-01-01-19.wav,Actor_19,disgust,strong
Actor_19/03-01-07-02-01-02-19.wav,Actor_19,disgust,strong
Actor_19/03-01-07-02-02-01-19.wav,Actor_19,disgust,strong
Actor_19/03-01-07-02-02-02-19.wav,Actor_19,disgust,strong
Actor_19/03-01-08-01-01-01-19.wav,Actor_19,surprised,normal
Actor_19/03-01-08-01-01-02-19.wav,Actor_19,surprised,normal
Actor_19/03-01-08-01-02-01-19.wav,Actor_19,surprised,normal
Actor_19/03-01-08-01-02-02-19.wav,Actor_19,surprised,normal
Actor_19/03-01-08-02-01-01-19.wav,Actor_19,surprised,strong
Actor_19/03-01-08-02-01-02-19.wav,Actor_19,surprised,strong
Actor_19/03-01-08-02-02-01-19.wav,Actor_19,surprised,strong
Actor_19/03-01-08-02-02-02-19.wav,Actor_19,surprised,strong
Actor_20/03-01-01-01-01-01-20.wav,Actor_20,neutral,normal
Actor_20/03-01-01-01-01-02-20.wav,Actor_20,neutral,normal
Actor_20/03-01-01-01-02-01-20.wav,Actor_20,neutral,normal
Actor_20/03-01-01-01-02-02-20.wav,Actor_20,neutral,normal
Actor_20/03-01-02-01-01-01-20.wav,Actor_20,calm,normal
Actor_20/03-01-02-01-01-02-20.wav,Actor_20,calm,normal
Actor_20/03-01-02-01-02-01-20.wav,Actor_20,calm,normal
Actor_20/03-01-02-01-02-02-20.wav,Actor_20,calm,normal
Actor_20/03-01-02-02-01-01-20.wav,Actor_20,calm,strong
Actor_20/03-01-02-02-01-02-20.wav,Actor_20,calm,strong
Actor_20/03-01-02-02-02-01-20.wav,Actor_20,calm,strong
Actor_20/03-01-02-02-02-02-20.wav,Actor_20,calm,strong
Actor_20/03-01-03-01-01-01-20.wav,Actor_20,happy,normal
Actor_20/03-01-03-01-01-02-20.wav,Actor_20,happy,normal
Actor_20/03-01-03-01-02-01-20.wav,Actor_20,happy,normal
Actor_20/03-01-03-01-02-02-20.wav,Actor_20,happy,normal
Actor_20/03-01-03-02-01-01-20.wav,Actor_20,happy,strong
Actor_20/03-01-03-02-01-02-20.wav,Actor_20,happy,strong
Actor_20/03-01-03-02-02-01-20.wav,Actor_20,happy,strong
Actor_20/03-01-03-02-02-02-20.wav,Actor_20,happy,strong
Actor_20/03-01-04-01-01-01-20.wav,Actor_20,sad,normal
Actor_20/03-01-04-01-01-02-20.wav,Actor_20,sad,normal
Actor_20/03-01-04-01-02-01-20.wav,Actor_20,sad,normal
Actor_20/03-01-04-01-02-02-20.wav,Actor_20,sad,normal
Actor_20/03-01-04-02-01-01-20.wav,Actor_20,sad,strong
Actor_20/03-01-04-02-01-02-20.wav,Actor_20,sad,strong
Actor_20/03-01-04-02-02-01-20.wav,Actor_20,sad,strong
Actor_20/03-01-04-02-02-02-20.wav,Actor_20,sad,strong
Actor_20/03-01-05-01-01-01-20.wav,Actor_20,angry,normal
Actor_20/03-01-05-01-01-02-20.wav,Actor_20,angry,normal
Actor_20/03-01-05-01-02-01-20.wav,Actor_20,angry,normal
Actor_20/03-01-05-01-02-02-20.wav,Actor_20,angry,normal
Actor_20/03-01-05-02-01-01-20.wav,Actor_20,angry,strong
Actor_20/03-01-05-02-01-02-20.wav,Actor_20,angry,strong
Actor_20/03-01-05-02-02-01-20.wav,Actor_20,angry,strong
Actor_20/03-01-05-02-02-02-20.wav,Actor_20,angry,strong
Actor_20/03-01-06-01-01-01-20.wav,Actor_20,fearful,normal
Actor_20/03-01-06-01-01-02-20.wav,Actor_20,fearful,normal
Actor_20/03-01-06-01-02-01-20.wav,Actor_20,fearful,normal
Actor_20/03-01-06-01-02-02-20.wav,Actor_20,fearful,normal
Actor_20/03-01-06-02-01-01-20.wav,Actor_20,fearful,strong
Actor_20/03-01-06-02-01-02-20.wav,Actor_20,fearful,strong
Actor_20/03-01-06-02-02-01-20.wav,Actor_20,fearful,strong
Actor_20/03-01-06-02-02-02-20.wav,Actor_20,fearful,strong
Actor_20/03-01-07-01-01-01-20.wav,Actor_20,disgust,normal
Actor_20/03-01-07-01-01-02-20.wav,Actor_20,disgust,normal
Actor_20/03-01-07-01-02-01-20.wav,Actor_20,disgust,normal
Actor_20/03-01-07-01-02-02-20.wav,Actor_20,disgust,normal
Actor_20/03-01-07-02-01-01-20.wav,Actor_20,disgust,strong
Actor_20/03-01-07-02-01-02-20.wav,Actor_20,disgust,strong
Actor_20/03-01-07-02-02-01-20.wav,Actor_20,disgust,strong
Actor_20/03-01-07-02-02-02-20.wav,Actor_20,disgust,strong
Actor_20/03-01-08-01-01-01-20.wav,Actor_20,surprised,normal
Actor_20/03-01-08-01-01-02-20.wav,Actor_20,surprised,normal
Actor_20/03-01-08-01-02-01-20.wav,Actor_20,surprised,normal
Actor_20/03-01-08-01-02-02-20.wav,Actor_20,surprised,normal
Actor_20/03-01-08-02-01-01-20.wav,Actor_20,surprised,strong
Actor_20/03-01-08-02-01-02-20.wav,Actor_20,surprised,strong
Actor_20/03-01-08-02-02-01-20.wav,Actor_20,surprised,strong
Actor_20/03-01-08-02-02-02-20.wav,Actor_20,surprised,strong
Actor_21/03-01-01-01-01-01-21.wav,Actor_21,neutral,normal
Actor_21/03-01-01-01-01-02-21.wav,Actor_21,neutral,normal
Actor_21/03-01-01-01-02-01-21.wav,Actor_21,neutral,normal
Actor_21/03-01-01-01-02-02-21.wav,Actor_21,neutral,normal
Actor_21/03-01-02-01-01-01-21.wav,Actor_21,calm,normal
Actor_21/03-01-02-01-01-02-21.wav,Actor_21,calm,normal
Actor_21/03-01-02-01-02-01-21.wav,Actor_21,calm,normal
Actor_21/03-01-02-01-02-02-21.wav,Actor_21,calm,normal
Actor_21/03-01-02-02-01-01-21.wav,Actor_21,calm,strong
Actor_21/03-01-02-02-01-02-21.wav,Actor_21,calm,strong
Actor_21/03-01-02-02-02-01-21.wav,Actor_21,calm,strong
Actor_21/03-01-02-02-02-02-21.wav,Actor_21,calm,strong
Actor_21/03-01-03-01-01-01-21.wav,Actor_21,happy,normal
Actor_21/03-01-03-01-01-02-21.wav,Actor_21,happy,normal
Actor_21/03-01-03-01-02-01-21.wav,Actor_21,happy,normal
Actor_21/03-01-03-01-02-02-21.wav,Actor_21,happy,normal
Actor_21/03-01-03-02-01-01-21.wav,Actor_21,happy,strong
Actor_21/03-01-03-02-01-02-21.wav,Actor_21,happy,strong
Actor_21/03-01-03-02-02-01-21.wav,Actor_21,happy,strong
Actor_21/03-01-03-02-02-02-21.wav,Actor_21,happy,strong
Actor_21/03-01-04-01-01-01-21.wav,Actor_21,sad,normal
Actor_21/03-01-04-01-01-02-21.wav,Actor_21,sad,normal
Actor_21/03-01-04-01-02-01-21.wav,Actor_21,sad,normal
Actor_21/03-01-04-01-02-02-21.wav,Actor_21,sad,normal
Actor_21/03-01-04-02-01-01-21.wav,Actor_21,sad,strong
Actor_21/03-01-04-02-01-02-21.wav,Actor_21,sad,strong
Actor_21/03-01-04-02-02-01-21.wav,Actor_21,sad,strong
Actor_21/03-01-04-02-02-02-21.wav,Actor_21,sad,strong
Actor_21/03-01-05-01-01-01-21.wav,Actor_21,angry,normal
Actor_21/03-01-05-01-01-02-21.wav,Actor_21,angry,normal
Actor_21/03-01-05-01-02-01-21.wav,Actor_21,angry,normal
Actor_21/03-01-05-01-02-02-21.wav,Actor_21,angry,normal
Actor_21/03-01-05-02-01-01-21.wav,Actor_21,angry,strong
Actor_21/03-01-05-02-01-02-21.wav,Actor_21,angry,strong
Actor_21/03-01-05-02-02-01-21.wav,Actor_21,angry,strong
Actor_21/03-01-05-02-02-02-21.wav,Actor_21,angry,strong
Actor_21/03-01-06-01-01-01-21.wav,Actor_21,fearful,normal
Actor_21/03-01-06-01-01-02-21.wav,Actor_21,fearful,normal
Actor_21/03-01-06-01-02-01-21.wav,Actor_21,fearful,normal
Actor_21/03-01-06-01-02-02-21.wav,Actor_21,fearful,normal
Actor_21/03-01-06-02-01-01-21.wav,Actor_21,fearful,strong
Actor_21/03-01-06-02-01-02-21.wav,Actor_21,fearful,strong
Actor_21/03-01-06-02-02-01-21.wav,Actor_21,fearful,strong
Actor_21/03-01-06-02-02-02-21.wav,Actor_21,fearful,strong
Actor_21/03-01-07-01-01-01-21.wav,Actor_21,disgust,normal
Actor_21/03-01-07-01-01-02-21.wav,Actor_21,disgust,normal
Actor_21/03-01-07-01-02-01-21.wav,Actor_21,disgust,normal
Actor_21/03-01-07-01-02-02-21.wav,Actor_21,disgust,normal
Actor_21/03-01-07-02-01-01-21.wav,Actor_21,disgust,strong
Actor_21/03-01-07-02-01-02-21.wav,Actor_21,disgust,strong
Actor_21/03-01-07-02-02-01-21.wav,Actor_21,disgust,strong
Actor_21/03-01-07-02-02-02-21.wav,Actor_21,disgust,strong
Actor_21/03-01-08-01-01-01-21.wav,Actor_21,surprised,normal
Actor_21/03-01-08-01-01-02-21.wav,Actor_21,surprised,normal
Actor_21/03-01-08-01-02-01-21.wav,Actor_21,surprised,normal
Actor_21/03-01-08-01-02-02-21.wav,Actor_21,surprised,normal
Actor_21/03-01-08-02-01-01-21.wav,Actor_21,surprised,strong
Actor_21/03-01-08-02-01-02-21.wav,Actor_21,surprised,strong
Actor_21/03-01-08-02-02-01-21.wav,Actor_21,surprised,strong
Actor_21/03-01-08-02-02-02-21.wav,Actor_21,surprised,strong
Actor_22/03-01-01-01-01-01-22.wav,Actor_22,neutral,normal
Actor_22/03-01-01-01-01-02-22.wav,Actor_22,neutral,normal
Actor_22/03-01-01-01-02-01-22.wav,Actor_22,neutral,normal
Actor_22/03-01-01-01-02-02-22.wav,Actor_22,neutral,normal
Actor_22/03-01-02-01-01-01-22.wav,Actor_22,calm,normal
Actor_22/03-01-02-01-01-02-22.wav,Actor_22,calm,normal
Actor_22/03-01-02-01-02-01-22.wav,Actor_22,calm,normal
Actor_22/03-01-02-01-02-02-22.wav,Actor_22,calm,normal
Actor_22/03-01-02-02-01-01-22.wav,Actor_22,calm,strong
Actor_22/03-01-02-02-01-02-22.wav,Actor_22,calm,strong
Actor_22/03-01-02-02-02-01-22.wav,Actor_22,calm,strong
Actor_22/03-01-02-02-02-02-22.wav,Actor_22,calm,strong
Actor_22/03-01-03-01-01-01-22.wav,Actor_22,happy,normal
Actor_22/03-01-03-01-01-02-22.wav,Actor_22,happy,normal
Actor_22/03-01-03-01-02-01-22.wav,Actor_22,happy,normal
Actor_22/03-01-03-01-02-02-22.wav,Actor_22,happy,normal
Actor_22/03-01-03-02-01-01-22.wav,Actor_22,happy,strong
Actor_22/03-01-03-02-01-02-22.wav,Actor_22,happy,strong
Actor_22/03-01-03-02-02-01-22.wav,Actor_22,happy,strong
Actor_22/03-01-03-02-02-02-22.wav,Actor_22,happy,strong
Actor_22/03-01-04-01-01-01-22.wav,Actor_22,sad,normal
Actor_22/03-01-04-01-01-02-22.wav,Actor_22,sad,normal
Actor_22/03-01-04-01-02-01-22.wav,Actor_22,sad,normal
Actor_22/03-01-04-01-02-02-22.wav,Actor_22,sad,normal
Actor_22/03-01-04-02-01-01-22.wav,Actor_22,sad,strong
Actor_22/03-01-04-02-01-02-22.wav,Actor_22,sad,strong
Actor_22/03-01-04-02-02-01-22.wav,Actor_22,sad,strong
Actor_22/03-01-04-02-02-02-22.wav,Actor_22,sad,strong
Actor_22/03-01-05-01-01-01-22.wav,Actor_22,angry,normal
Actor_22/03-01-05-01-01-02-22.wav,Actor_22,angry,normal
Actor_22/03-01-05-01-02-01-22.wav,Actor_22,angry,normal
Actor_22/03-01-05-01-02-02-22.wav,Actor_22,angry,normal
Actor_22/03-01-05-02-01-01-22.wav,Actor_22,angry,strong
Actor_22/03-01-05-02-01-02-22.wav,Actor_22,angry,strong
Actor_22/03-01-05-02-02-01-22.wav,Actor_22,angry,strong
Actor_22/03-01-05-02-02-02-22.wav,Actor_22,angry,strong
Actor_22/03-01-06-01-01-01-22.wav,Actor_22,fearful,normal
Actor_22/03-01-06-01-01-02-22.wav,Actor_22,fearful,normal
Actor_22/03-01-06-01-02-01-22.wav,Actor_22,fearful,normal
Actor_22/03-01-06-01-02-02-22.wav,Actor_22,fearful,normal
Actor_22/03-01-06-02-01-01-22.wav,Actor_22,fearful,strong
Actor_22/03-01-06-02-01-02-22.wav,Actor_22,fearful,strong
Actor_22/03-01-06-02-02-01-22.wav,Actor_22,fearful,strong
Actor_22/03-01-06-02-02-02-22.wav,Actor_22,fearful,strong
Actor_22/03-01-07-01-01-01-22.wav,Actor_22,disgust,normal
Actor_22/03-01-07-01-01-02-22.wav,Actor_22,disgust,normal
Actor_22/03-01-07-01-02-01-22.wav,Actor_22,disgust,normal
Actor_22/03-01-07-01-02-02-22.wav,Actor_22,disgust,normal
Actor_22/03-01-07-02-01-01-22.wav,Actor_22,disgust,strong
Actor_22/03-01-07-02-01-02-22.wav,Actor_22,disgust,strong
Actor_22/03-01-07-02-02-01-22.wav,Actor_22,disgust,strong
Actor_22/03-01-07-02-02-02-22.wav,Actor_22,disgust,strong
Actor_22/03-01-08-01-01-01-22.wav,Actor_22,surprised,normal
Actor_22/03-01-08-01-01-02-22.wav,Actor_22,surprised,normal
Actor_22/03-01-08-01-02-01-22.wav,Actor_22,surprised,normal
Actor_22/03-01-08-01-02-02-22.wav,Actor_22,surprised,normal
Actor_22/03-01-08-02-01-01-22.wav,Actor_22,surprised,strong
Actor_22/03-01-08-02-01-02-22.wav,Actor_22,surprised,strong
Actor_22/03-01-08-02-02-01-22.wav,Actor_22,surprised,strong
Actor_22/03-01-08-02-02-02-22.wav,Actor_22,surprised,strong
Actor_23/03-01-01-01-01-01-23.wav,Actor_23,neutral,normal
Actor_23/03-01-01-01-01-02-23.wav,Actor_23,neutral,normal
Actor_23/03-01-01-01-02-01-23.wav,Actor_23,neutral,normal
Actor_23/03-01-01-01-02-02-23.wav,Actor_23,neutral,normal
Actor_23/03-01-02-01-01-01-23.wav,Actor_23,calm,normal
Actor_23/03-01-02-01-01-02-23.wav,Actor_23,calm,normal
Actor_23/03-01-02-01-02-01-23.wav,Actor_23,calm,normal
Actor_23/03-01-02-01-02-02-23.wav,Actor_23,calm,normal
Actor_23/03-01-02-02-01-01-23.wav,Actor_23,calm,strong
Actor_23/03-01-02-02-01-02-23.wav,Actor_23,calm,strong
Actor_23/03-01-02-02-02-01-23.wav,Actor_23,calm,strong
Actor_23/03-01-02-02-02-02-23.wav,Actor_23,calm,strong
Actor_23/03-01-03-01-01-01-23.wav,Actor_23,happy,normal
Actor_23/03-01-03-01-01-02-23.wav,Actor_23,happy,normal
Actor_23/03-01-03-01-02-01-23.wav,Actor_23,happy,normal
Actor_23/03-01-03-01-02-02-23.wav,Actor_23,happy,normal
Actor_23/03-01-03-02-01-01-23.wav,Actor_23,happy,strong
Actor_23/03-01-03-02-01-02-23.wav,Actor_23,happy,strong
Actor_23/03-01-03-02-02-01-23.wav,Actor_23,happy,strong
Actor_23/03-01-03-02-02-02-23.wav,Actor_23,happy,strong
Actor_23/03-01-04-01-01-01-23.wav,Actor_23,sad,normal
Actor_23/03-01-04-01-01-02-23.wav,Actor_23,sad,normal
Actor_23/03-01-04-01-02-01-23.wav,Actor_23,sad,normal
Actor_23/03-01-04-01-02-02-23.wav,Actor_23,sad,normal
Actor_23/03-01-04-02-01-01-23.wav,Actor_23,sad,strong
Actor_23/03-01-04-02-01-02-23.wav,Actor_23,sad,strong
Actor_23/03-01-04-02-02-01-23.wav,Actor_23,sad,strong
Actor_23/03-01-04-02-02-02-23.wav,Actor_23,sad,strong
Actor_23/03-01-05-01-01-01-23.wav,Actor_23,angry,normal
Actor_23/03-01-05-01-01-02-23.wav,Actor_23,angry,normal
Actor_23/03-01-05-01-02-01-23.wav,Actor_23,angry,normal
Actor_23/03-01-05-01-02-02-23.wav,Actor_23,angry,normal
Actor_23/03-01-05-02-01-01-23.wav,Actor_23,angry,strong
Actor_23/03-01-05-02-01-02-23.wav,Actor_23,angry,strong
Actor_23/03-01-05-02-02-01-23.wav,Actor_23,angry,strong
Actor_23/03-01-05-02-02-02-23.wav,Actor_23,angry,strong
Actor_23/03-01-06-01-01-01-23.wav,Actor_23,fearful,normal
Actor_23/03-01-06-01-01-02-23.wav,Actor_23,fearful,normal
Actor_23/03-01-06-01-02-01-23.wav,Actor_23,fearful,normal
Actor_23/03-01-06-01-02-02-23.wav,Actor_23,fearful,normal
Actor_23/03-01-06-02-01-01-23.wav,Actor_23,fearful,strong
Actor_23/03-01-06-02-01-02-23.wav,Actor_23,fearful,strong
Actor_23/03-01-06-02-02-01-23.wav,Actor_23,fearful,strong
Actor_23/03-01-06-02-02-02-23.wav,Actor_23,fearful,strong
Actor_23/03-01-07-01-01-01-23.wav,Actor_23,disgust,normal
Actor_23/03-01-07-01-01-02-23.wav,Actor_23,disgust,normal
Actor_23/03-01-07-01-02-01-23.wav,Actor_23,disgust,normal
Actor_23/03-01-07-01-02-02-23.wav,Actor_23,disgust,normal
Actor_23/03-01-07-02-01-01-23.wav,Actor_23,disgust,strong
Actor_23/03-01-07-02-01-02-23.wav,Actor_23,disgust,strong
Actor_23/03-01-07-02-02-01-23.wav,Actor_23,disgust,strong
Actor_23/03-01-07-02-02-02-23.wav,Actor_23,disgust,strong
Actor_23/03-01-08-01-01-01-23.wav,Actor_23,surprised,normal
Actor_23/03-01-08-01-01-02-23.wav,Actor_23,surprised,normal
Actor_23/03-01-08-01-02-01-23.wav,Actor_23,surprised,normal
Actor_23/03-01-08-01-02-02-23.wav,Actor_23,surprised,normal
Actor_23/03-01-08-02-01-01-23.wav,Actor_23,surprised,strong
Actor_23/03-01-08-02-01-02-23.wav,Actor_23,surprised,strong
Actor_23/03-01-08-02-02-01-23.wav,Actor_23,surprised,strong
Actor_23/03-01-08-02-02-02-23.wav,Actor_23,surprised,strong
Actor_24/03-01-01-01-01-01-24.wav,Actor_24,neutral,normal
Actor_24/03-01-01-01-01-02-24.wav,Actor_24,neutral,normal
Actor_24/03-01-01-01-02-01-24.wav,Actor_24,neutral,normal
Actor_24/03-01-01-01-02-02-24.wav,Actor_24,neutral,normal
Actor_24/03-01-02-01-01-01-24.wav,Actor_24,calm,normal
Actor_24/03-01-02-01-01-02-24.wav,Actor_24,calm,normal
Actor_24/03-01-02-01-02-01-24.wav,Actor_24,calm,normal
Actor_24/03-01-02-01-02-02-24.wav,Actor_24,calm,normal
Actor_24/03-01-02-02-01-01-24.wav,Actor_24,calm,strong
Actor_24/03-01-02-02-01-02-24.wav,Actor_24,calm,strong
Actor_24/03-01-02-02-02-01-24.wav,Actor_24,calm,strong
Actor_24/03-01-02-02-02-02-24.wav,Actor_24,calm,strong
Actor_24/03-01-03-01-01-01-24.wav,Actor_24,happy,normal
Actor_24/03-01-03-01-01-02-24.wav,Actor_24,happy,normal
Actor_24/03-01-03-01-02-01-24.wav,Actor_24,happy,normal
Actor_24/03-01-03-01-02-02-24.wav,Actor_24,happy,normal
Actor_24/03-01-03-02-01-01-24.wav,Actor_24,happy,strong
Actor_24/03-01-03-02-01-02-24.wav,Actor_24,happy,strong
Actor_24/03-01-03-02-02-01-24.wav,Actor_24,happy,strong
Actor_24/03-01-03-02-02-02-24.wav,Actor_24,happy,strong
Actor_24/03-01-04-01-01-01-24.wav,Actor_24,sad,normal
Actor_24/03-01-04-01-01-02-24.wav,Actor_24,sad,normal
Actor_24/03-01-04-01-02-01-24.wav,Actor_24,sad,normal
Actor_24/03-01-04-01-02-02-24.wav,Actor_24,sad,normal
Actor_24/03-01-04-02-01-01-24.wav,Actor_24,sad,strong
Actor_24/03-01-04-02-01-02-24.wav,Actor_24,sad,strong
Actor_24/03-01-04-02-02-01-24.wav,Actor_24,sad,strong
Actor_24/03-01-04-02-02-02-24.wav,Actor_24,sad,strong
Actor_24/03-01-05-01-01-01-24.wav,Actor_24,angry,normal
Actor_24/03-01-05-01-01-02-24.wav,Actor_24,angry,normal
Actor_24/03-01-05-01-02-01-24.wav,Actor_24,angry,normal
Actor_24/03-01-05-01-02-02-24.wav,Actor_24,angry,normal
Actor_24/03-01-05-02-01-01-24.wav,Actor_24,angry,strong
Actor_24/03-01-05-02-01-02-24.wav,Actor_24,angry,strong
Actor_24/03-01-05-02-02-01-24.wav,Actor_24,angry,strong
Actor_24/03-01-05-02-02-02-24.wav,Actor_24,angry,strong
Actor_24/03-01-06-01-01-01-24.wav,Actor_24,fearful,normal
Actor_24/03-01-06-01-01-02-24.wav,Actor_24,fearful,normal
Actor_24/03-01-06-01-02-01-24.wav,Actor_24,fearful,normal
Actor_24/03-01-06-01-02-02-24.wav,Actor_24,fearful,normal
Actor_24/03-01-06-02-01-01-24.wav,Actor_24,fearful,strong
Actor_24/03-01-06-02-01-02-24.wav,Actor_24,fearful,strong
Actor_24/03-01-06-02-02-01-24.wav,Actor_24,fearful,strong
Actor_24/03-01-06-02-02-02-24.wav,Actor_24,fearful,strong
Actor_24/03-01-07-01-01-01-24.wav,Actor_24,disgust,normal
Actor_24/03-01-07-01-01-02-24.wav,Actor_24,disgust,normal
Actor_24/03-01-07-01-02-01-24.wav,Actor_24,disgust,normal
Actor_24/03-01-07-01-02-02-24.wav,Actor_24,disgust,normal
Actor_24/03-01-07-02-01-01-24.wav,Actor_24,disgust,strong
Actor_24/03-01-07-02-01-02-24.wav,Actor_24,disgust,strong
Actor_24/03-01-07-02-02-01-24.wav,Actor_24,disgust,strong
Actor_24/03-01-07-02-02-02-24.wav,Actor_24,disgust,strong
Actor_24/03-01-08-01-01-01-24.wav,Actor_24,surprised,normal
Actor_24/03-01-08-01-01-02-24.wav,Actor_24,surprised,normal
Actor_24/03-01-08-01-02-01-24.wav,Actor_24,surprised,normal
Actor_24/03-01-08-01-02-02-24.wav,Actor_24,surprised,normal
Actor_24/03-01-08-02-01-01-24.wav,Actor_24,surprised,strong
Actor_24/03-01-08-02-01-02-24.wav,Actor_24,surprised,strong
Actor_24/03-01-08-02-02-01-24.wav,Actor_24,surprised,strong
Actor_24/03-01-08-02-02-02-24.wav,Actor_24,surprised,strong
